customer_id,customer_name,email,city,state,signup_date,tier
1,Ishita Patil,ishita.patil1@mail.com,Hyderabad,TS,2025-08-08,bronze
2,Ananya Sharma,ananya.sharma2@mail.com,Nagpur,MH,2026-03-14,silver
3,Sahil Patil,sahil.patil3@mail.com,Bangalore,KA,2024-04-11,platinum
4,Sahil Singh,sahil.singh4@mail.com,Pune,MH,2024-02-28,platinum
5,Riya Gupta,riya.gupta5@mail.com,Chennai,TN,2026-01-01,bronze
6,Rahul Yadav,rahul.yadav6@mail.com,Hyderabad,TS,2024-01-10,platinum
7,Pooja Sharma,pooja.sharma7@mail.com,Hyderabad,TS,2023-12-17,gold
8,Ishita Patil,ishita.patil8@mail.com,Bangalore,KA,2024-02-14,silver
9,Pooja Singh,pooja.singh9@mail.com,Surat,GJ,2024-07-04,gold
10,Neha Sharma,neha.sharma10@mail.com,Delhi,DL,2024-10-15,silver
11,Neha Mehta,neha.mehta11@mail.com,Bangalore,KA,2024-05-14,bronze
12,Aarav Joshi,aarav.joshi12@mail.com,Nagpur,MH,2025-07-15,gold
13,Vikas Kumar,vikas.kumar13@mail.com,Surat,GJ,2025-11-20,silver
14,Ananya Singh,ananya.singh14@mail.com,Nagpur,MH,2024-08-26,silver
15,Riya Mehta,riya.mehta15@mail.com,Surat,GJ,2026-01-12,bronze
16,Riya Kumar,riya.kumar16@mail.com,Mumbai,MH,2025-03-17,platinum
17,Ananya Patil,ananya.patil17@mail.com,Mumbai,MH,2024-05-16,gold
18,Rahul Sharma,rahul.sharma18@mail.com,Hyderabad,TS,2025-01-25,bronze
19,Neha Mehta,neha.mehta19@mail.com,Delhi,DL,2024-11-12,gold
20,Ananya Yadav,ananya.yadav20@mail.com,Bangalore,KA,2025-11-10,silver
21,Ananya Patil,ananya.patil21@mail.com,Chennai,TN,2024-12-01,gold
22,Neha Gupta,neha.gupta22@mail.com,Pune,MH,2025-08-11,bronze
23,Ishita Mehta,ishita.mehta23@mail.com,Delhi,DL,2025-12-04,silver
24,Sahil Kumar,sahil.kumar24@mail.com,Bangalore,KA,2024-10-09,silver
25,Pooja Joshi,pooja.joshi25@mail.com,Surat,GJ,2024-11-01,silver
26,Rahul Patil,rahul.patil26@mail.com,Bangalore,KA,2024-08-21,bronze
27,Aarav Gupta,aarav.gupta27@mail.com,Mumbai,MH,2026-03-14,silver
28,Vikas Gupta,vikas.gupta28@mail.com,Delhi,DL,2024-04-04,platinum
29,Vikas Kumar,vikas.kumar29@mail.com,Bangalore,KA,2026-01-09,platinum
30,Pooja Nair,pooja.nair30@mail.com,Pune,MH,2024-05-25,bronze
31,Rahul Sharma,rahul.sharma31@mail.com,Bangalore,KA,2025-10-01,platinum
32,Riya Singh,riya.singh32@mail.com,Surat,GJ,2025-08-03,bronze
33,Ananya Patil,ananya.patil33@mail.com,Mumbai,MH,2024-03-05,platinum
34,Kabir Kumar,kabir.kumar34@mail.com,Pune,MH,2025-10-29,platinum
35,Vikas Singh,vikas.singh35@mail.com,Nagpur,MH,2024-05-01,platinum
36,Neha Gupta,neha.gupta36@mail.com,Pune,MH,2024-08-29,bronze
37,Aarav Patil,aarav.patil37@mail.com,Surat,GJ,2024-11-16,bronze
38,Ishita Verma,ishita.verma38@mail.com,Mumbai,MH,2024-08-14,silver
39,Sahil Gupta,sahil.gupta39@mail.com,Pune,MH,2024-07-20,gold
40,Kabir Joshi,kabir.joshi40@mail.com,Bangalore,KA,2025-07-18,gold
41,Ishita Patil,ishita.patil41@mail.com,Surat,GJ,2024-07-17,bronze
42,Ananya Singh,ananya.singh42@mail.com,Delhi,DL,2025-04-23,silver
43,Riya Nair,riya.nair43@mail.com,Hyderabad,TS,2024-07-27,bronze
44,Ananya Singh,ananya.singh44@mail.com,Mumbai,MH,2023-10-29,bronze
45,Ananya Verma,ananya.verma45@mail.com,Hyderabad,TS,2025-06-30,gold
46,Neha Mehta,neha.mehta46@mail.com,Surat,GJ,2025-08-01,platinum
47,Aarav Patil,aarav.patil47@mail.com,Chennai,TN,2024-02-16,gold
48,Vikas Mehta,vikas.mehta48@mail.com,Nagpur,MH,2024-09-18,bronze
49,Riya Mehta,riya.mehta49@mail.com,Pune,MH,2023-12-13,silver
50,Aarav Singh,aarav.singh50@mail.com,Chennai,TN,2024-01-21,gold
51,Kabir Sharma,kabir.sharma51@mail.com,Chennai,TN,2024-02-06,platinum
52,Riya Gupta,riya.gupta52@mail.com,Delhi,DL,2024-01-17,platinum
53,Rahul Kumar,rahul.kumar53@mail.com,Bangalore,KA,2025-07-16,bronze
54,Aarav Nair,aarav.nair54@mail.com,Bangalore,KA,2025-09-22,gold
55,Kabir Gupta,kabir.gupta55@mail.com,Pune,MH,2024-06-09,gold
56,Ishita Singh,ishita.singh56@mail.com,Chennai,TN,2024-06-27,gold
57,Ishita Singh,ishita.singh57@mail.com,Delhi,DL,2024-08-29,bronze
58,Rahul Joshi,rahul.joshi58@mail.com,Nagpur,MH,2024-08-02,platinum
59,Kabir Singh,kabir.singh59@mail.com,Pune,MH,2024-04-20,silver
60,Ishita Joshi,ishita.joshi60@mail.com,Chennai,TN,2024-06-05,gold
61,Pooja Joshi,pooja.joshi61@mail.com,Nagpur,MH,2024-05-02,silver
62,Pooja Verma,pooja.verma62@mail.com,Hyderabad,TS,2025-02-23,bronze
63,Kabir Kumar,kabir.kumar63@mail.com,Chennai,TN,2024-12-24,silver
64,Riya Sharma,riya.sharma64@mail.com,Hyderabad,TS,2024-11-03,gold
65,Kabir Singh,kabir.singh65@mail.com,Bangalore,KA,2024-01-11,bronze
66,Vikas Yadav,vikas.yadav66@mail.com,Mumbai,MH,2025-01-03,silver
67,Pooja Nair,pooja.nair67@mail.com,Nagpur,MH,2025-08-09,bronze
68,Ishita Kumar,ishita.kumar68@mail.com,Bangalore,KA,2025-10-16,platinum
69,Kabir Sharma,kabir.sharma69@mail.com,Surat,GJ,2025-11-29,gold
70,Vikas Yadav,vikas.yadav70@mail.com,Nagpur,MH,2023-12-16,silver
71,Vikas Nair,vikas.nair71@mail.com,Hyderabad,TS,2024-03-07,gold
72,Ananya Nair,ananya.nair72@mail.com,Bangalore,KA,2025-07-07,gold
73,Rahul Joshi,rahul.joshi73@mail.com,Mumbai,MH,2025-11-25,platinum
74,Kabir Sharma,kabir.sharma74@mail.com,Nagpur,MH,2025-02-22,platinum
75,Kabir Kumar,kabir.kumar75@mail.com,Nagpur,MH,2024-02-16,bronze
76,Sahil Kumar,sahil.kumar76@mail.com,Surat,GJ,2026-04-09,platinum
77,Pooja Mehta,pooja.mehta77@mail.com,Bangalore,KA,2024-12-02,platinum
78,Pooja Joshi,pooja.joshi78@mail.com,Nagpur,MH,2024-04-04,platinum
79,Sahil Mehta,sahil.mehta79@mail.com,Pune,MH,2025-03-07,bronze
80,Pooja Verma,pooja.verma80@mail.com,Surat,GJ,2025-10-11,platinum
81,Vikas Joshi,vikas.joshi81@mail.com,Chennai,TN,2024-02-26,platinum
82,Ishita Nair,ishita.nair82@mail.com,Pune,MH,2024-03-08,gold
83,Ishita Patil,ishita.patil83@mail.com,Pune,MH,2025-08-05,bronze
84,Kabir Verma,kabir.verma84@mail.com,Surat,GJ,2024-05-30,silver
85,Neha Joshi,neha.joshi85@mail.com,Delhi,DL,2024-08-02,bronze
86,Riya Singh,riya.singh86@mail.com,Mumbai,MH,2024-08-31,gold
87,Pooja Kumar,pooja.kumar87@mail.com,Bangalore,KA,2026-01-27,silver
88,Neha Yadav,neha.yadav88@mail.com,Mumbai,MH,2024-01-20,bronze
89,Pooja Joshi,pooja.joshi89@mail.com,Mumbai,MH,2024-11-12,bronze
90,Vikas Sharma,vikas.sharma90@mail.com,Nagpur,MH,2025-04-09,platinum
91,Pooja Verma,pooja.verma91@mail.com,Hyderabad,TS,2024-07-23,platinum
92,Sahil Singh,sahil.singh92@mail.com,Chennai,TN,2023-11-25,bronze
93,Vikas Gupta,vikas.gupta93@mail.com,Surat,GJ,2024-09-08,platinum
94,Vikas Joshi,vikas.joshi94@mail.com,Delhi,DL,2024-12-02,gold
95,Sahil Singh,sahil.singh95@mail.com,Pune,MH,2024-11-02,silver
96,Vikas Mehta,vikas.mehta96@mail.com,Bangalore,KA,2024-05-07,platinum
97,Aarav Sharma,aarav.sharma97@mail.com,Hyderabad,TS,2025-09-01,silver
98,Sahil Joshi,sahil.joshi98@mail.com,Surat,GJ,2024-09-25,platinum
99,Ananya Joshi,ananya.joshi99@mail.com,Chennai,TN,2024-04-25,gold
100,Ishita Gupta,ishita.gupta100@mail.com,Chennai,TN,2025-12-13,silver
101,Vikas Singh,vikas.singh101@mail.com,Hyderabad,TS,2026-01-03,silver
102,Neha Patil,neha.patil102@mail.com,Delhi,DL,2025-07-09,gold
103,Riya Nair,riya.nair103@mail.com,Mumbai,MH,2023-11-04,gold
104,Vikas Joshi,vikas.joshi104@mail.com,Delhi,DL,2026-02-22,platinum
105,Ishita Kumar,ishita.kumar105@mail.com,Surat,GJ,2026-01-29,bronze
106,Sahil Singh,sahil.singh106@mail.com,Mumbai,MH,2025-08-04,platinum
107,Sahil Gupta,sahil.gupta107@mail.com,Nagpur,MH,2025-01-08,platinum
108,Sahil Patil,sahil.patil108@mail.com,Mumbai,MH,2024-02-24,silver
109,Ishita Verma,,Bangalore,KA,2025-10-19,silver
110,Vikas Yadav,vikas.yadav110@mail.com,Surat,GJ,2025-06-21,gold
111,Vikas Sharma,vikas.sharma111@mail.com,Bangalore,KA,2025-07-18,silver
112,Ananya Gupta,ananya.gupta112@mail.com,Delhi,DL,2025-07-17,bronze
113,Neha Yadav,neha.yadav113@mail.com,Hyderabad,TS,2025-01-21,gold
114,Neha Mehta,neha.mehta114@mail.com,Surat,GJ,2025-01-22,bronze
115,Rahul Yadav,rahul.yadav115@mail.com,Hyderabad,TS,2026-03-20,bronze
116,Neha Yadav,neha.yadav116@mail.com,Pune,MH,2024-02-24,platinum
117,Riya Yadav,riya.yadav117@mail.com,Nagpur,MH,2024-07-03,platinum
118,Rahul Joshi,rahul.joshi118@mail.com,Mumbai,MH,2023-11-19,platinum
119,Neha Kumar,neha.kumar119@mail.com,Pune,MH,2025-01-05,gold
120,Pooja Mehta,pooja.mehta120@mail.com,Pune,MH,2024-06-10,platinum
121,Ananya Joshi,ananya.joshi121@mail.com,Surat,GJ,2024-07-13,bronze
122,Ananya Verma,ananya.verma122@mail.com,Hyderabad,TS,2025-01-21,bronze
123,Sahil Gupta,sahil.gupta123@mail.com,Delhi,DL,2025-05-31,platinum
124,Ishita Nair,ishita.nair124@mail.com,Mumbai,MH,2024-06-21,gold
125,Neha Kumar,neha.kumar125@mail.com,Surat,GJ,2024-12-18,silver
126,Sahil Mehta,sahil.mehta126@mail.com,Delhi,DL,2023-11-13,platinum
127,Ananya Singh,ananya.singh127@mail.com,Pune,MH,2025-06-29,platinum
128,Vikas Mehta,vikas.mehta128@mail.com,Surat,GJ,2025-04-27,platinum
129,Rahul Gupta,rahul.gupta129@mail.com,Bangalore,KA,2024-09-07,platinum
130,Vikas Kumar,vikas.kumar130@mail.com,Nagpur,MH,2024-06-04,platinum
131,Riya Mehta,riya.mehta131@mail.com,Chennai,TN,2023-11-07,platinum
132,Vikas Patil,vikas.patil132@mail.com,Delhi,DL,2025-02-19,bronze
133,Neha Joshi,neha.joshi133@mail.com,Nagpur,MH,2024-06-19,gold
134,Ananya Kumar,ananya.kumar134@mail.com,Chennai,TN,2024-07-12,platinum
135,Aarav Yadav,aarav.yadav135@mail.com,Mumbai,MH,2025-08-17,gold
136,Ishita Kumar,ishita.kumar136@mail.com,Mumbai,MH,2024-02-26,bronze
137,Neha Patil,neha.patil137@mail.com,Pune,MH,2025-05-18,gold
138,Riya Gupta,riya.gupta138@mail.com,Nagpur,MH,2024-09-12,silver
139,Ishita Yadav,ishita.yadav139@mail.com,Nagpur,MH,2024-07-19,platinum
140,Riya Gupta,riya.gupta140@mail.com,Surat,GJ,2024-07-01,gold
141,Vikas Singh,vikas.singh141@mail.com,Delhi,DL,2026-01-29,gold
142,Pooja Singh,pooja.singh142@mail.com,Surat,GJ,2023-12-02,platinum
143,Ishita Gupta,ishita.gupta143@mail.com,Nagpur,MH,2024-09-07,gold
144,Neha Patil,neha.patil144@mail.com,Nagpur,MH,2025-07-08,bronze
145,Vikas Singh,vikas.singh145@mail.com,Bangalore,KA,2024-08-02,silver
146,Riya Sharma,riya.sharma146@mail.com,Pune,MH,2025-06-02,gold
147,Ishita Singh,ishita.singh147@mail.com,Chennai,TN,2024-03-11,silver
148,Ananya Joshi,ananya.joshi148@mail.com,Hyderabad,TS,2023-12-17,platinum
149,Neha Joshi,neha.joshi149@mail.com,Mumbai,MH,2024-12-22,silver
150,Pooja Mehta,pooja.mehta150@mail.com,Chennai,TN,2026-01-13,gold
151,Vikas Joshi,vikas.joshi151@mail.com,Hyderabad,TS,2024-08-25,gold
152,Kabir Nair,kabir.nair152@mail.com,Pune,MH,2024-07-19,silver
153,Vikas Singh,vikas.singh153@mail.com,Nagpur,MH,2025-12-17,bronze
154,Vikas Sharma,vikas.sharma154@mail.com,Mumbai,MH,2025-08-17,platinum
155,Ananya Kumar,ananya.kumar155@mail.com,Delhi,DL,2025-02-14,platinum
156,Neha Patil,neha.patil156@mail.com,Chennai,TN,2025-09-04,silver
157,Ishita Joshi,ishita.joshi157@mail.com,Chennai,TN,2026-02-12,silver
158,Vikas Sharma,vikas.sharma158@mail.com,Bangalore,KA,2024-06-26,bronze
159,Rahul Gupta,rahul.gupta159@mail.com,Delhi,DL,2024-01-30,bronze
160,Ananya Gupta,ananya.gupta160@mail.com,Bangalore,KA,2024-01-04,silver
161,Sahil Patil,sahil.patil161@mail.com,Hyderabad,TS,2023-11-18,gold
162,Ishita Patil,ishita.patil162@mail.com,Delhi,DL,2026-03-31,silver
163,Aarav Verma,aarav.verma163@mail.com,Hyderabad,TS,2026-02-21,platinum
164,Ishita Nair,ishita.nair164@mail.com,Surat,GJ,2024-02-09,bronze
165,Kabir Yadav,kabir.yadav165@mail.com,Pune,MH,2024-03-31,gold
166,Aarav Patil,aarav.patil166@mail.com,Surat,GJ,2023-11-30,bronze
167,Vikas Sharma,vikas.sharma167@mail.com,Mumbai,MH,2025-05-20,bronze
168,Sahil Yadav,sahil.yadav168@mail.com,Chennai,TN,2025-03-20,gold
169,Sahil Kumar,sahil.kumar169@mail.com,Mumbai,MH,2024-01-23,silver
170,Kabir Kumar,kabir.kumar170@mail.com,Chennai,TN,2023-12-19,platinum
171,Rahul Kumar,rahul.kumar171@mail.com,Chennai,TN,2024-06-03,silver
172,Vikas Sharma,vikas.sharma172@mail.com,Mumbai,MH,2023-12-16,platinum
173,Rahul Verma,rahul.verma173@mail.com,Pune,MH,2024-08-22,gold
174,Pooja Joshi,pooja.joshi174@mail.com,Nagpur,MH,2023-11-08,gold
175,Rahul Sharma,rahul.sharma175@mail.com,Bangalore,KA,2025-11-07,silver
176,Rahul Mehta,rahul.mehta176@mail.com,Chennai,TN,2025-12-19,silver
177,Ananya Yadav,ananya.yadav177@mail.com,Pune,MH,2024-07-30,gold
178,Neha Singh,neha.singh178@mail.com,Chennai,TN,2025-04-21,silver
179,Pooja Sharma,pooja.sharma179@mail.com,Delhi,DL,2024-03-17,bronze
180,Kabir Kumar,kabir.kumar180@mail.com,Nagpur,MH,2025-01-06,gold
181,Rahul Yadav,rahul.yadav181@mail.com,Mumbai,MH,2026-02-21,bronze
182,Neha Nair,neha.nair182@mail.com,Nagpur,MH,2024-12-03,platinum
183,Ananya Sharma,ananya.sharma183@mail.com,Chennai,TN,2025-01-30,platinum
184,Neha Patil,neha.patil184@mail.com,Bangalore,KA,2025-03-06,bronze
185,Kabir Verma,kabir.verma185@mail.com,Hyderabad,TS,2025-06-23,bronze
186,Pooja Verma,pooja.verma186@mail.com,Delhi,DL,2025-03-21,silver
187,Rahul Sharma,,Nagpur,MH,2023-11-14,platinum
188,Ishita Joshi,ishita.joshi188@mail.com,Nagpur,MH,2024-09-05,platinum
189,Pooja Patil,pooja.patil189@mail.com,Chennai,TN,2025-10-21,gold
190,Ishita Gupta,ishita.gupta190@mail.com,Nagpur,MH,2024-08-20,bronze
191,Neha Joshi,neha.joshi191@mail.com,Bangalore,KA,2025-05-09,bronze
192,Kabir Joshi,kabir.joshi192@mail.com,Chennai,TN,2024-03-31,silver
193,Riya Singh,riya.singh193@mail.com,Bangalore,KA,2025-10-19,bronze
194,Vikas Nair,vikas.nair194@mail.com,Surat,GJ,2024-05-17,gold
195,Rahul Verma,rahul.verma195@mail.com,Surat,GJ,2026-02-04,gold
196,Sahil Patil,sahil.patil196@mail.com,Chennai,TN,2024-11-12,platinum
197,Aarav Joshi,aarav.joshi197@mail.com,Hyderabad,TS,2026-01-26,bronze
198,Ananya Kumar,ananya.kumar198@mail.com,Surat,GJ,2024-08-28,bronze
199,Sahil Gupta,sahil.gupta199@mail.com,Chennai,TN,2024-08-03,silver
200,Vikas Sharma,vikas.sharma200@mail.com,Chennai,TN,2024-04-14,silver
201,Vikas Nair,vikas.nair201@mail.com,Delhi,DL,2025-04-08,gold
202,Rahul Yadav,rahul.yadav202@mail.com,Pune,MH,2024-01-27,gold
203,Ishita Mehta,ishita.mehta203@mail.com,Nagpur,MH,2025-06-29,silver
204,Sahil Verma,sahil.verma204@mail.com,Chennai,TN,2025-06-01,platinum
205,Ishita Singh,ishita.singh205@mail.com,Nagpur,MH,2024-06-26,silver
206,Ananya Sharma,ananya.sharma206@mail.com,Nagpur,MH,2024-11-11,gold
207,Kabir Joshi,kabir.joshi207@mail.com,Surat,GJ,2025-10-01,silver
208,Ishita Mehta,ishita.mehta208@mail.com,Pune,MH,2024-06-07,silver
209,Riya Verma,riya.verma209@mail.com,Delhi,DL,2023-12-15,silver
210,Aarav Kumar,aarav.kumar210@mail.com,Chennai,TN,2024-05-22,platinum
211,Vikas Gupta,vikas.gupta211@mail.com,Bangalore,KA,2025-06-02,silver
212,Sahil Nair,sahil.nair212@mail.com,Surat,GJ,2024-02-18,platinum
213,Pooja Verma,pooja.verma213@mail.com,Bangalore,KA,2024-01-15,gold
214,Vikas Joshi,vikas.joshi214@mail.com,Mumbai,MH,2024-04-16,bronze
215,Riya Singh,riya.singh215@mail.com,Surat,GJ,2024-11-06,platinum
216,Kabir Nair,kabir.nair216@mail.com,Chennai,TN,2026-03-19,platinum
217,Kabir Kumar,kabir.kumar217@mail.com,Mumbai,MH,2025-03-28,gold
218,Rahul Verma,rahul.verma218@mail.com,Delhi,DL,2026-03-07,platinum
219,Riya Nair,,Surat,GJ,2024-07-24,bronze
220,Kabir Verma,kabir.verma220@mail.com,Nagpur,MH,2025-12-23,gold
221,Kabir Kumar,kabir.kumar221@mail.com,Surat,GJ,2026-02-10,platinum
222,Aarav Mehta,,Bangalore,KA,2024-04-10,platinum
223,Rahul Gupta,rahul.gupta223@mail.com,Nagpur,MH,2025-10-05,bronze
224,Rahul Sharma,rahul.sharma224@mail.com,Pune,MH,2025-03-11,platinum
225,Neha Patil,neha.patil225@mail.com,Chennai,TN,2024-01-29,silver
226,Ishita Yadav,ishita.yadav226@mail.com,Chennai,TN,2025-11-30,gold
227,Riya Nair,riya.nair227@mail.com,Surat,GJ,2024-07-08,silver
228,Vikas Patil,vikas.patil228@mail.com,Hyderabad,TS,2025-09-21,silver
229,Rahul Singh,rahul.singh229@mail.com,Nagpur,MH,2024-01-01,gold
230,Kabir Singh,kabir.singh230@mail.com,Chennai,TN,2023-11-15,gold
231,Rahul Kumar,rahul.kumar231@mail.com,Nagpur,MH,2024-03-14,platinum
232,Riya Nair,riya.nair232@mail.com,Surat,GJ,2025-04-03,bronze
233,Ishita Kumar,ishita.kumar233@mail.com,Delhi,DL,2024-10-04,bronze
234,Neha Singh,neha.singh234@mail.com,Surat,GJ,2024-08-05,silver
235,Rahul Nair,rahul.nair235@mail.com,Pune,MH,2024-04-01,platinum
236,Aarav Sharma,aarav.sharma236@mail.com,Nagpur,MH,2025-04-07,silver
237,Riya Yadav,riya.yadav237@mail.com,Surat,GJ,2026-03-11,silver
238,Rahul Joshi,rahul.joshi238@mail.com,Nagpur,MH,2024-09-12,silver
239,Rahul Joshi,rahul.joshi239@mail.com,Surat,GJ,2024-02-24,silver
240,Pooja Joshi,pooja.joshi240@mail.com,Hyderabad,TS,2025-08-03,silver
241,Pooja Mehta,pooja.mehta241@mail.com,Mumbai,MH,2025-07-21,platinum
242,Sahil Singh,sahil.singh242@mail.com,Surat,GJ,2025-09-23,bronze
243,Vikas Sharma,vikas.sharma243@mail.com,Chennai,TN,2024-06-01,bronze
244,Neha Singh,neha.singh244@mail.com,Delhi,DL,2024-04-16,silver
245,Ananya Gupta,ananya.gupta245@mail.com,Mumbai,MH,2025-09-22,platinum
246,Ananya Yadav,ananya.yadav246@mail.com,Chennai,TN,2024-12-22,bronze
247,Pooja Nair,pooja.nair247@mail.com,Nagpur,MH,2024-02-18,bronze
248,Rahul Sharma,rahul.sharma248@mail.com,Surat,GJ,2024-12-23,gold
249,Ananya Yadav,ananya.yadav249@mail.com,Delhi,DL,2024-02-19,bronze
250,Ananya Verma,ananya.verma250@mail.com,Hyderabad,TS,2025-10-29,silver
251,Ananya Singh,ananya.singh251@mail.com,Mumbai,MH,2025-08-02,gold
252,Neha Yadav,neha.yadav252@mail.com,Mumbai,MH,2024-11-16,silver
253,Sahil Yadav,sahil.yadav253@mail.com,Chennai,TN,2023-12-04,bronze
254,Sahil Singh,sahil.singh254@mail.com,Bangalore,KA,2024-02-19,bronze
255,Ananya Singh,ananya.singh255@mail.com,Hyderabad,TS,2024-12-07,platinum
256,Ishita Patil,ishita.patil256@mail.com,Delhi,DL,2025-01-20,platinum
257,Sahil Verma,sahil.verma257@mail.com,Chennai,TN,2023-11-14,gold
258,Riya Joshi,riya.joshi258@mail.com,Mumbai,MH,2025-05-24,bronze
259,Kabir Verma,kabir.verma259@mail.com,Mumbai,MH,2026-02-23,platinum
260,Riya Joshi,riya.joshi260@mail.com,Chennai,TN,2025-10-03,platinum
261,Neha Nair,neha.nair261@mail.com,Pune,MH,2026-01-13,platinum
262,Kabir Yadav,kabir.yadav262@mail.com,Chennai,TN,2026-02-25,platinum
263,Vikas Singh,vikas.singh263@mail.com,Pune,MH,2023-11-30,silver
264,Rahul Kumar,rahul.kumar264@mail.com,Chennai,TN,2026-02-28,silver
265,Neha Sharma,neha.sharma265@mail.com,Nagpur,MH,2024-11-14,gold
266,Sahil Yadav,sahil.yadav266@mail.com,Mumbai,MH,2025-12-05,gold
267,Rahul Mehta,rahul.mehta267@mail.com,Chennai,TN,2024-03-03,platinum
268,Aarav Patil,aarav.patil268@mail.com,Delhi,DL,2024-04-15,platinum
269,Riya Yadav,riya.yadav269@mail.com,Delhi,DL,2025-05-14,silver
270,Sahil Singh,sahil.singh270@mail.com,Chennai,TN,2024-11-11,platinum
271,Neha Nair,neha.nair271@mail.com,Pune,MH,2025-04-03,bronze
272,Sahil Singh,sahil.singh272@mail.com,Pune,MH,2024-08-11,silver
273,Sahil Nair,sahil.nair273@mail.com,Delhi,DL,2024-10-25,platinum
274,Kabir Patil,kabir.patil274@mail.com,Mumbai,MH,2025-10-02,gold
275,Pooja Gupta,pooja.gupta275@mail.com,Nagpur,MH,2024-11-17,platinum
276,Aarav Verma,aarav.verma276@mail.com,Bangalore,KA,2024-09-18,platinum
277,Rahul Verma,rahul.verma277@mail.com,Surat,GJ,2024-10-17,gold
278,Neha Yadav,neha.yadav278@mail.com,Surat,GJ,2025-10-01,gold
279,Neha Singh,neha.singh279@mail.com,Bangalore,KA,2024-05-08,gold
280,Ananya Singh,ananya.singh280@mail.com,Hyderabad,TS,2025-12-11,platinum
281,Pooja Joshi,pooja.joshi281@mail.com,Delhi,DL,2025-06-22,bronze
282,Vikas Singh,vikas.singh282@mail.com,Surat,GJ,2025-09-08,gold
283,Neha Verma,neha.verma283@mail.com,Mumbai,MH,2024-07-23,silver
284,Ananya Gupta,ananya.gupta284@mail.com,Bangalore,KA,2026-02-21,gold
285,Ishita Verma,ishita.verma285@mail.com,Pune,MH,2024-09-29,platinum
286,Kabir Singh,kabir.singh286@mail.com,Chennai,TN,2025-06-26,bronze
287,Kabir Mehta,kabir.mehta287@mail.com,Pune,MH,2025-10-17,silver
288,Aarav Kumar,aarav.kumar288@mail.com,Surat,GJ,2025-10-06,gold
289,Aarav Singh,aarav.singh289@mail.com,Mumbai,MH,2025-05-07,platinum
290,Riya Mehta,riya.mehta290@mail.com,Surat,GJ,2025-07-10,bronze
291,Vikas Singh,vikas.singh291@mail.com,Delhi,DL,2026-03-31,gold
292,Kabir Verma,kabir.verma292@mail.com,Nagpur,MH,2023-12-21,gold
293,Ishita Verma,,Delhi,DL,2024-12-13,silver
294,Pooja Gupta,pooja.gupta294@mail.com,Surat,GJ,2024-03-05,gold
295,Sahil Patil,sahil.patil295@mail.com,Hyderabad,TS,2024-06-15,silver
296,Ishita Nair,ishita.nair296@mail.com,Hyderabad,TS,2025-11-03,gold
297,Neha Joshi,neha.joshi297@mail.com,Bangalore,KA,2025-09-03,silver
298,Sahil Joshi,sahil.joshi298@mail.com,Nagpur,MH,2024-04-26,platinum
299,Kabir Gupta,kabir.gupta299@mail.com,Mumbai,MH,2024-10-23,gold
300,Sahil Sharma,sahil.sharma300@mail.com,Pune,MH,2023-12-18,silver
301,Riya Verma,riya.verma301@mail.com,Chennai,TN,2023-11-22,bronze
302,Sahil Nair,sahil.nair302@mail.com,Mumbai,MH,2024-11-08,bronze
303,Ananya Kumar,ananya.kumar303@mail.com,Surat,GJ,2024-09-15,platinum
304,Neha Patil,neha.patil304@mail.com,Nagpur,MH,2025-07-29,silver
305,Aarav Kumar,aarav.kumar305@mail.com,Chennai,TN,2024-04-28,bronze
306,Ishita Nair,ishita.nair306@mail.com,Pune,MH,2025-06-26,silver
307,Pooja Joshi,pooja.joshi307@mail.com,Nagpur,MH,2025-01-11,bronze
308,Ananya Verma,ananya.verma308@mail.com,Chennai,TN,2025-12-15,platinum
309,Kabir Patil,kabir.patil309@mail.com,Pune,MH,2025-06-13,platinum
310,Kabir Gupta,kabir.gupta310@mail.com,Surat,GJ,2025-04-26,silver
311,Ishita Patil,ishita.patil311@mail.com,Nagpur,MH,2024-07-25,silver
312,Sahil Patil,sahil.patil312@mail.com,Surat,GJ,2024-08-10,bronze
313,Aarav Kumar,aarav.kumar313@mail.com,Surat,GJ,2025-08-18,bronze
314,Neha Gupta,neha.gupta314@mail.com,Chennai,TN,2024-08-31,gold
315,Riya Mehta,riya.mehta315@mail.com,Bangalore,KA,2025-02-16,bronze
316,Sahil Verma,sahil.verma316@mail.com,Nagpur,MH,2024-09-22,gold
317,Pooja Mehta,pooja.mehta317@mail.com,Chennai,TN,2024-05-02,silver
318,Riya Mehta,riya.mehta318@mail.com,Surat,GJ,2025-08-12,silver
319,Aarav Mehta,aarav.mehta319@mail.com,Nagpur,MH,2025-02-12,silver
320,Neha Gupta,neha.gupta320@mail.com,Chennai,TN,2024-06-22,platinum
321,Ishita Mehta,ishita.mehta321@mail.com,Bangalore,KA,2026-02-22,bronze
322,Kabir Yadav,kabir.yadav322@mail.com,Bangalore,KA,2024-12-11,gold
323,Aarav Gupta,aarav.gupta323@mail.com,Bangalore,KA,2024-03-17,platinum
324,Sahil Gupta,sahil.gupta324@mail.com,Nagpur,MH,2025-08-12,gold
325,Ananya Joshi,ananya.joshi325@mail.com,Hyderabad,TS,2025-07-22,platinum
326,Vikas Joshi,vikas.joshi326@mail.com,Bangalore,KA,2025-04-01,bronze
327,Kabir Verma,kabir.verma327@mail.com,Pune,MH,2025-07-21,platinum
328,Kabir Joshi,kabir.joshi328@mail.com,Bangalore,KA,2025-03-22,silver
329,Rahul Singh,rahul.singh329@mail.com,Surat,GJ,2024-04-04,platinum
330,Rahul Verma,rahul.verma330@mail.com,Delhi,DL,2024-04-07,silver
331,Ananya Patil,ananya.patil331@mail.com,Pune,MH,2023-12-08,bronze
332,Pooja Verma,pooja.verma332@mail.com,Bangalore,KA,2026-02-04,bronze
333,Vikas Joshi,vikas.joshi333@mail.com,Pune,MH,2024-07-21,platinum
334,Aarav Patil,aarav.patil334@mail.com,Nagpur,MH,2026-04-03,gold
335,Neha Patil,neha.patil335@mail.com,Nagpur,MH,2024-01-11,bronze
336,Kabir Gupta,kabir.gupta336@mail.com,Hyderabad,TS,2024-01-02,platinum
337,Pooja Nair,pooja.nair337@mail.com,Bangalore,KA,2024-05-02,bronze
338,Aarav Sharma,aarav.sharma338@mail.com,Nagpur,MH,2025-03-23,platinum
339,Aarav Verma,aarav.verma339@mail.com,Mumbai,MH,2024-11-20,gold
340,Ishita Mehta,ishita.mehta340@mail.com,Pune,MH,2025-08-23,platinum
341,Ishita Singh,ishita.singh341@mail.com,Pune,MH,2025-10-14,silver
342,Pooja Sharma,pooja.sharma342@mail.com,Hyderabad,TS,2025-10-30,platinum
343,Ananya Joshi,ananya.joshi343@mail.com,Nagpur,MH,2024-03-02,bronze
344,Rahul Patil,rahul.patil344@mail.com,Mumbai,MH,2025-01-23,bronze
345,Sahil Yadav,sahil.yadav345@mail.com,Nagpur,MH,2024-02-13,gold
346,Vikas Nair,vikas.nair346@mail.com,Bangalore,KA,2025-04-15,platinum
347,Sahil Kumar,sahil.kumar347@mail.com,Mumbai,MH,2024-02-14,silver
348,Ishita Singh,ishita.singh348@mail.com,Delhi,DL,2025-03-21,silver
349,Rahul Joshi,rahul.joshi349@mail.com,Mumbai,MH,2026-01-12,platinum
350,Neha Sharma,neha.sharma350@mail.com,Delhi,DL,2026-01-16,platinum
351,Ananya Kumar,ananya.kumar351@mail.com,Mumbai,MH,2026-03-20,bronze
352,Rahul Kumar,rahul.kumar352@mail.com,Pune,MH,2025-06-21,bronze
353,Ananya Gupta,ananya.gupta353@mail.com,Delhi,DL,2024-05-14,silver
354,Neha Nair,neha.nair354@mail.com,Delhi,DL,2026-02-10,gold
355,Vikas Sharma,vikas.sharma355@mail.com,Chennai,TN,2025-08-01,platinum
356,Kabir Nair,kabir.nair356@mail.com,Mumbai,MH,2025-11-28,platinum
357,Sahil Kumar,sahil.kumar357@mail.com,Chennai,TN,2025-01-20,silver
358,Sahil Gupta,sahil.gupta358@mail.com,Surat,GJ,2025-05-29,gold
359,Vikas Yadav,vikas.yadav359@mail.com,Bangalore,KA,2025-05-17,platinum
360,Sahil Gupta,sahil.gupta360@mail.com,Delhi,DL,2024-05-16,platinum
361,Kabir Nair,kabir.nair361@mail.com,Hyderabad,TS,2023-12-15,platinum
362,Riya Singh,riya.singh362@mail.com,Bangalore,KA,2025-07-30,platinum
363,Ishita Nair,ishita.nair363@mail.com,Surat,GJ,2024-08-27,platinum
364,Rahul Mehta,rahul.mehta364@mail.com,Mumbai,MH,2025-12-25,gold
365,Sahil Patil,sahil.patil365@mail.com,Nagpur,MH,2024-03-06,platinum
366,Ishita Singh,ishita.singh366@mail.com,Bangalore,KA,2024-11-08,silver
367,Pooja Nair,pooja.nair367@mail.com,Delhi,DL,2025-04-27,bronze
368,Ishita Sharma,ishita.sharma368@mail.com,Delhi,DL,2025-04-24,platinum
369,Ananya Nair,ananya.nair369@mail.com,Chennai,TN,2024-12-14,platinum
370,Neha Patil,neha.patil370@mail.com,Mumbai,MH,2026-03-23,bronze
371,Riya Gupta,riya.gupta371@mail.com,Delhi,DL,2024-09-27,platinum
372,Kabir Kumar,kabir.kumar372@mail.com,Delhi,DL,2025-10-06,platinum
373,Sahil Gupta,sahil.gupta373@mail.com,Surat,GJ,2024-08-17,bronze
374,Kabir Singh,kabir.singh374@mail.com,Mumbai,MH,2024-09-01,silver
375,Kabir Nair,kabir.nair375@mail.com,Mumbai,MH,2025-07-20,platinum
376,Rahul Yadav,rahul.yadav376@mail.com,Nagpur,MH,2024-07-29,bronze
377,Vikas Yadav,vikas.yadav377@mail.com,Delhi,DL,2024-01-02,gold
378,Sahil Sharma,sahil.sharma378@mail.com,Delhi,DL,2025-05-30,gold
379,Rahul Verma,rahul.verma379@mail.com,Nagpur,MH,2025-02-10,platinum
380,Vikas Mehta,vikas.mehta380@mail.com,Delhi,DL,2024-09-24,gold
381,Rahul Nair,rahul.nair381@mail.com,Pune,MH,2023-11-11,platinum
382,Pooja Mehta,pooja.mehta382@mail.com,Surat,GJ,2025-02-20,platinum
383,Vikas Nair,vikas.nair383@mail.com,Delhi,DL,2026-01-20,silver
384,Neha Gupta,neha.gupta384@mail.com,Hyderabad,TS,2025-10-24,platinum
385,Ishita Yadav,ishita.yadav385@mail.com,Mumbai,MH,2025-07-14,gold
386,Aarav Nair,aarav.nair386@mail.com,Bangalore,KA,2025-02-04,silver
387,Aarav Nair,aarav.nair387@mail.com,Hyderabad,TS,2025-04-24,bronze
388,Kabir Gupta,kabir.gupta388@mail.com,Chennai,TN,2023-11-15,platinum
389,Riya Gupta,riya.gupta389@mail.com,Bangalore,KA,2024-01-12,gold
390,Sahil Mehta,sahil.mehta390@mail.com,Delhi,DL,2025-05-18,gold
391,Ananya Sharma,ananya.sharma391@mail.com,Delhi,DL,2024-03-07,bronze
392,Riya Verma,riya.verma392@mail.com,Bangalore,KA,2025-11-16,silver
393,Pooja Nair,pooja.nair393@mail.com,Delhi,DL,2024-08-31,platinum
394,Ishita Sharma,ishita.sharma394@mail.com,Nagpur,MH,2024-11-03,gold
395,Vikas Joshi,vikas.joshi395@mail.com,Pune,MH,2023-11-07,platinum
396,Rahul Sharma,rahul.sharma396@mail.com,Nagpur,MH,2025-09-04,silver
397,Rahul Singh,rahul.singh397@mail.com,Chennai,TN,2024-10-01,platinum
398,Aarav Patil,aarav.patil398@mail.com,Mumbai,MH,2024-07-12,bronze
399,Riya Nair,riya.nair399@mail.com,Surat,GJ,2026-04-15,silver
400,Neha Verma,neha.verma400@mail.com,Hyderabad,TS,2026-01-09,gold
401,Riya Patil,riya.patil401@mail.com,Nagpur,MH,2024-07-14,silver
402,Ishita Sharma,ishita.sharma402@mail.com,Pune,MH,2025-09-08,silver
403,Ananya Nair,ananya.nair403@mail.com,Pune,MH,2026-04-06,bronze
404,Pooja Verma,pooja.verma404@mail.com,Surat,GJ,2026-02-02,bronze
405,Ishita Sharma,ishita.sharma405@mail.com,Chennai,TN,2025-04-04,platinum
406,Riya Verma,riya.verma406@mail.com,Mumbai,MH,2024-10-18,silver
407,Kabir Verma,kabir.verma407@mail.com,Nagpur,MH,2024-07-23,silver
408,Ishita Verma,ishita.verma408@mail.com,Mumbai,MH,2024-08-19,gold
409,Rahul Verma,rahul.verma409@mail.com,Bangalore,KA,2025-07-05,silver
410,Sahil Yadav,sahil.yadav410@mail.com,Hyderabad,TS,2024-02-07,gold
411,Sahil Mehta,sahil.mehta411@mail.com,Bangalore,KA,2024-03-11,bronze
412,Kabir Nair,kabir.nair412@mail.com,Nagpur,MH,2025-12-21,bronze
413,Aarav Joshi,aarav.joshi413@mail.com,Chennai,TN,2025-12-01,platinum
414,Riya Nair,riya.nair414@mail.com,Mumbai,MH,2026-03-28,bronze
415,Aarav Patil,aarav.patil415@mail.com,Nagpur,MH,2024-11-13,platinum
416,Pooja Sharma,pooja.sharma416@mail.com,Delhi,DL,2025-07-05,bronze
417,Kabir Verma,kabir.verma417@mail.com,Chennai,TN,2025-03-10,bronze
418,Pooja Gupta,pooja.gupta418@mail.com,Pune,MH,2025-08-08,platinum
419,Sahil Yadav,sahil.yadav419@mail.com,Pune,MH,2025-06-02,silver
420,Riya Patil,riya.patil420@mail.com,Delhi,DL,2024-11-23,gold
421,Riya Singh,riya.singh421@mail.com,Mumbai,MH,2024-02-16,platinum
422,Ishita Singh,ishita.singh422@mail.com,Mumbai,MH,2024-11-22,gold
423,Sahil Verma,sahil.verma423@mail.com,Chennai,TN,2025-11-05,bronze
424,Ishita Gupta,ishita.gupta424@mail.com,Pune,MH,2026-03-01,bronze
425,Pooja Verma,pooja.verma425@mail.com,Delhi,DL,2023-11-19,platinum
426,Kabir Kumar,kabir.kumar426@mail.com,Chennai,TN,2025-07-12,gold
427,Aarav Verma,aarav.verma427@mail.com,Bangalore,KA,2024-01-12,platinum
428,Vikas Singh,,Hyderabad,TS,2025-05-15,platinum
429,Kabir Singh,kabir.singh429@mail.com,Hyderabad,TS,2024-03-18,platinum
430,Vikas Gupta,vikas.gupta430@mail.com,Bangalore,KA,2025-11-12,platinum
431,Ananya Joshi,ananya.joshi431@mail.com,Pune,MH,2025-05-07,platinum
432,Neha Sharma,neha.sharma432@mail.com,Bangalore,KA,2024-10-20,platinum
433,Riya Singh,riya.singh433@mail.com,Mumbai,MH,2026-03-02,platinum
434,Rahul Nair,rahul.nair434@mail.com,Mumbai,MH,2024-08-29,silver
435,Pooja Sharma,pooja.sharma435@mail.com,Pune,MH,2025-01-24,silver
436,Rahul Kumar,rahul.kumar436@mail.com,Chennai,TN,2025-05-24,silver
437,Kabir Verma,kabir.verma437@mail.com,Mumbai,MH,2025-11-07,platinum
438,Pooja Sharma,pooja.sharma438@mail.com,Chennai,TN,2024-02-17,gold
439,Ishita Sharma,ishita.sharma439@mail.com,Delhi,DL,2024-01-09,bronze
440,Rahul Verma,rahul.verma440@mail.com,Mumbai,MH,2024-04-17,platinum
441,Neha Singh,neha.singh441@mail.com,Delhi,DL,2026-03-15,platinum
442,Ananya Gupta,ananya.gupta442@mail.com,Mumbai,MH,2024-12-28,silver
443,Aarav Gupta,aarav.gupta443@mail.com,Delhi,DL,2025-09-25,bronze
444,Neha Sharma,neha.sharma444@mail.com,Pune,MH,2026-02-08,platinum
445,Ishita Joshi,ishita.joshi445@mail.com,Mumbai,MH,2026-03-02,silver
446,Pooja Kumar,pooja.kumar446@mail.com,Surat,GJ,2026-03-16,platinum
447,Kabir Verma,kabir.verma447@mail.com,Hyderabad,TS,2025-07-02,silver
448,Sahil Yadav,sahil.yadav448@mail.com,Bangalore,KA,2024-06-22,platinum
449,Vikas Patil,vikas.patil449@mail.com,Mumbai,MH,2025-07-03,platinum
450,Ananya Gupta,ananya.gupta450@mail.com,Pune,MH,2025-03-19,platinum
451,Vikas Joshi,vikas.joshi451@mail.com,Chennai,TN,2025-03-14,bronze
452,Kabir Patil,kabir.patil452@mail.com,Hyderabad,TS,2026-02-14,gold
453,Kabir Verma,kabir.verma453@mail.com,Mumbai,MH,2025-08-04,gold
454,Aarav Gupta,aarav.gupta454@mail.com,Nagpur,MH,2025-04-17,silver
455,Rahul Yadav,rahul.yadav455@mail.com,Pune,MH,2024-04-24,silver
456,Kabir Nair,kabir.nair456@mail.com,Hyderabad,TS,2025-10-17,bronze
457,Sahil Gupta,sahil.gupta457@mail.com,Pune,MH,2024-10-22,gold
458,Kabir Verma,kabir.verma458@mail.com,Chennai,TN,2024-04-11,gold
459,Riya Yadav,riya.yadav459@mail.com,Delhi,DL,2024-02-13,gold
460,Rahul Kumar,rahul.kumar460@mail.com,Mumbai,MH,2025-05-06,silver
461,Pooja Nair,pooja.nair461@mail.com,Chennai,TN,2025-10-18,gold
462,Sahil Verma,sahil.verma462@mail.com,Nagpur,MH,2025-06-04,gold
463,Aarav Yadav,aarav.yadav463@mail.com,Nagpur,MH,2023-11-25,silver
464,Sahil Gupta,sahil.gupta464@mail.com,Mumbai,MH,2024-11-23,bronze
465,Rahul Verma,rahul.verma465@mail.com,Mumbai,MH,2023-12-25,gold
466,Neha Gupta,neha.gupta466@mail.com,Bangalore,KA,2024-05-06,gold
467,Aarav Patil,aarav.patil467@mail.com,Nagpur,MH,2025-01-21,silver
468,Vikas Kumar,vikas.kumar468@mail.com,Chennai,TN,2024-10-03,platinum
469,Sahil Gupta,sahil.gupta469@mail.com,Delhi,DL,2025-01-08,bronze
470,Rahul Singh,rahul.singh470@mail.com,Mumbai,MH,2026-01-30,platinum
471,Ishita Mehta,ishita.mehta471@mail.com,Mumbai,MH,2025-05-03,platinum
472,Pooja Verma,pooja.verma472@mail.com,Nagpur,MH,2025-11-06,gold
473,Kabir Kumar,kabir.kumar473@mail.com,Hyderabad,TS,2024-06-08,silver
474,Pooja Yadav,pooja.yadav474@mail.com,Surat,GJ,2025-11-09,bronze
475,Neha Yadav,neha.yadav475@mail.com,Surat,GJ,2025-09-23,silver
476,Neha Sharma,neha.sharma476@mail.com,Surat,GJ,2023-12-03,platinum
477,Neha Sharma,neha.sharma477@mail.com,Nagpur,MH,2025-10-08,platinum
478,Vikas Patil,vikas.patil478@mail.com,Hyderabad,TS,2025-01-19,silver
479,Sahil Patil,sahil.patil479@mail.com,Delhi,DL,2024-03-05,bronze
480,Rahul Mehta,rahul.mehta480@mail.com,Nagpur,MH,2024-03-01,bronze
481,Ananya Kumar,ananya.kumar481@mail.com,Surat,GJ,2024-09-06,gold
482,Aarav Mehta,aarav.mehta482@mail.com,Delhi,DL,2025-12-12,silver
483,Kabir Verma,kabir.verma483@mail.com,Pune,MH,2025-02-06,platinum
484,Riya Yadav,riya.yadav484@mail.com,Hyderabad,TS,2025-05-22,bronze
485,Ananya Kumar,ananya.kumar485@mail.com,Chennai,TN,2023-11-20,platinum
486,Aarav Yadav,aarav.yadav486@mail.com,Nagpur,MH,2025-12-21,silver
487,Sahil Sharma,sahil.sharma487@mail.com,Mumbai,MH,2024-09-16,gold
488,Rahul Kumar,rahul.kumar488@mail.com,Hyderabad,TS,2025-03-18,platinum
489,Neha Kumar,neha.kumar489@mail.com,Delhi,DL,2024-07-20,platinum
490,Rahul Gupta,rahul.gupta490@mail.com,Pune,MH,2024-03-12,gold
491,Aarav Joshi,aarav.joshi491@mail.com,Hyderabad,TS,2025-06-01,platinum
492,Ishita Gupta,ishita.gupta492@mail.com,Delhi,DL,2025-06-11,gold
493,Pooja Yadav,pooja.yadav493@mail.com,Mumbai,MH,2025-10-04,platinum
494,Ananya Joshi,ananya.joshi494@mail.com,Pune,MH,2024-11-04,gold
495,Pooja Verma,pooja.verma495@mail.com,Pune,MH,2025-10-20,silver
496,Kabir Patil,kabir.patil496@mail.com,Surat,GJ,2026-02-23,silver
497,Vikas Mehta,vikas.mehta497@mail.com,Nagpur,MH,2024-07-04,bronze
498,Vikas Yadav,vikas.yadav498@mail.com,Surat,GJ,2025-10-15,gold
499,Neha Sharma,neha.sharma499@mail.com,Hyderabad,TS,2026-03-18,silver
500,Kabir Gupta,kabir.gupta500@mail.com,Bangalore,KA,2024-05-22,platinum
501,Aarav Nair,aarav.nair501@mail.com,Delhi,DL,2024-06-22,bronze
502,Sahil Singh,sahil.singh502@mail.com,Hyderabad,TS,2025-02-06,gold
503,Kabir Nair,kabir.nair503@mail.com,Hyderabad,TS,2024-05-21,platinum
504,Aarav Mehta,aarav.mehta504@mail.com,Chennai,TN,2024-09-17,gold
505,Ishita Nair,ishita.nair505@mail.com,Mumbai,MH,2025-05-06,gold
506,Neha Singh,neha.singh506@mail.com,Bangalore,KA,2025-11-12,silver
507,Sahil Kumar,sahil.kumar507@mail.com,Chennai,TN,2024-05-18,bronze
508,Neha Singh,neha.singh508@mail.com,Nagpur,MH,2025-02-25,bronze
509,Sahil Gupta,sahil.gupta509@mail.com,Chennai,TN,2024-04-01,platinum
510,Rahul Mehta,rahul.mehta510@mail.com,Hyderabad,TS,2023-12-02,silver
511,Vikas Verma,vikas.verma511@mail.com,Hyderabad,TS,2024-04-02,silver
512,Rahul Sharma,rahul.sharma512@mail.com,Bangalore,KA,2025-04-17,gold
513,Rahul Joshi,rahul.joshi513@mail.com,Hyderabad,TS,2024-08-24,bronze
514,Sahil Yadav,sahil.yadav514@mail.com,Mumbai,MH,2024-12-18,bronze
515,Pooja Mehta,pooja.mehta515@mail.com,Hyderabad,TS,2025-02-16,silver
516,Kabir Joshi,kabir.joshi516@mail.com,Nagpur,MH,2024-09-08,gold
517,Riya Sharma,riya.sharma517@mail.com,Surat,GJ,2025-05-09,gold
518,Aarav Nair,aarav.nair518@mail.com,Hyderabad,TS,2025-09-13,silver
519,Ishita Verma,ishita.verma519@mail.com,Nagpur,MH,2024-07-06,platinum
520,Pooja Patil,pooja.patil520@mail.com,Pune,MH,2024-10-16,gold
521,Rahul Mehta,rahul.mehta521@mail.com,Bangalore,KA,2026-03-27,silver
522,Rahul Singh,rahul.singh522@mail.com,Delhi,DL,2025-12-31,gold
523,Aarav Singh,aarav.singh523@mail.com,Hyderabad,TS,2025-01-03,gold
524,Riya Joshi,,Surat,GJ,2025-04-13,platinum
525,Kabir Verma,kabir.verma525@mail.com,Bangalore,KA,2024-03-25,silver
526,Aarav Kumar,aarav.kumar526@mail.com,Hyderabad,TS,2024-02-15,bronze
527,Aarav Sharma,aarav.sharma527@mail.com,Pune,MH,2026-02-24,platinum
528,Ishita Mehta,ishita.mehta528@mail.com,Hyderabad,TS,2024-12-15,silver
529,Aarav Singh,aarav.singh529@mail.com,Nagpur,MH,2024-06-07,gold
530,Riya Kumar,riya.kumar530@mail.com,Mumbai,MH,2024-11-07,bronze
531,Ishita Nair,ishita.nair531@mail.com,Bangalore,KA,2024-07-31,gold
532,Kabir Joshi,kabir.joshi532@mail.com,Nagpur,MH,2025-06-17,platinum
533,Vikas Joshi,vikas.joshi533@mail.com,Bangalore,KA,2026-04-13,bronze
534,Sahil Nair,sahil.nair534@mail.com,Delhi,DL,2026-01-12,bronze
535,Kabir Nair,kabir.nair535@mail.com,Hyderabad,TS,2025-07-18,bronze
536,Aarav Singh,aarav.singh536@mail.com,Chennai,TN,2024-01-15,platinum
537,Ishita Patil,ishita.patil537@mail.com,Pune,MH,2023-11-25,silver
538,Vikas Yadav,vikas.yadav538@mail.com,Hyderabad,TS,2023-10-28,gold
539,Riya Sharma,riya.sharma539@mail.com,Nagpur,MH,2025-03-01,platinum
540,Vikas Kumar,vikas.kumar540@mail.com,Delhi,DL,2025-12-21,bronze
541,Riya Sharma,riya.sharma541@mail.com,Nagpur,MH,2024-08-18,platinum
542,Pooja Joshi,pooja.joshi542@mail.com,Pune,MH,2023-11-13,silver
543,Vikas Sharma,vikas.sharma543@mail.com,Nagpur,MH,2025-01-19,gold
544,Aarav Mehta,aarav.mehta544@mail.com,Bangalore,KA,2024-05-30,bronze
545,Kabir Nair,kabir.nair545@mail.com,Chennai,TN,2024-06-04,platinum
546,Ananya Yadav,ananya.yadav546@mail.com,Pune,MH,2026-04-03,silver
547,Vikas Nair,vikas.nair547@mail.com,Delhi,DL,2026-01-28,silver
548,Neha Patil,neha.patil548@mail.com,Bangalore,KA,2024-09-28,platinum
549,Ishita Nair,ishita.nair549@mail.com,Surat,GJ,2024-01-15,bronze
550,Vikas Joshi,vikas.joshi550@mail.com,Mumbai,MH,2024-11-21,bronze
551,Pooja Patil,pooja.patil551@mail.com,Pune,MH,2023-12-22,gold
552,Ananya Gupta,ananya.gupta552@mail.com,Surat,GJ,2025-05-01,bronze
553,Vikas Joshi,vikas.joshi553@mail.com,Surat,GJ,2024-04-11,platinum
554,Kabir Patil,kabir.patil554@mail.com,Chennai,TN,2025-04-16,gold
555,Rahul Sharma,rahul.sharma555@mail.com,Pune,MH,2025-10-28,platinum
556,Sahil Gupta,sahil.gupta556@mail.com,Bangalore,KA,2025-12-13,platinum
557,Kabir Joshi,kabir.joshi557@mail.com,Mumbai,MH,2024-03-01,bronze
558,Vikas Nair,vikas.nair558@mail.com,Delhi,DL,2024-11-21,bronze
559,Pooja Yadav,pooja.yadav559@mail.com,Surat,GJ,2024-11-11,silver
560,Riya Sharma,riya.sharma560@mail.com,Nagpur,MH,2024-06-10,gold
561,Pooja Kumar,pooja.kumar561@mail.com,Bangalore,KA,2025-07-09,gold
562,Riya Verma,riya.verma562@mail.com,Nagpur,MH,2024-08-06,gold
563,Ananya Joshi,ananya.joshi563@mail.com,Bangalore,KA,2025-09-22,gold
564,Riya Verma,riya.verma564@mail.com,Chennai,TN,2024-04-18,gold
565,Sahil Yadav,sahil.yadav565@mail.com,Nagpur,MH,2024-05-24,gold
566,Pooja Patil,pooja.patil566@mail.com,Mumbai,MH,2026-03-21,bronze
567,Kabir Singh,kabir.singh567@mail.com,Delhi,DL,2025-06-25,silver
568,Neha Gupta,neha.gupta568@mail.com,Pune,MH,2025-04-12,silver
569,Ananya Kumar,ananya.kumar569@mail.com,Bangalore,KA,2024-11-07,bronze
570,Pooja Kumar,pooja.kumar570@mail.com,Chennai,TN,2024-09-27,gold
571,Vikas Gupta,vikas.gupta571@mail.com,Chennai,TN,2024-03-02,silver
572,Kabir Singh,kabir.singh572@mail.com,Surat,GJ,2025-10-15,silver
573,Ananya Sharma,ananya.sharma573@mail.com,Nagpur,MH,2026-03-05,gold
574,Sahil Singh,sahil.singh574@mail.com,Pune,MH,2025-05-11,silver
575,Rahul Yadav,rahul.yadav575@mail.com,Pune,MH,2024-02-12,gold
576,Sahil Mehta,sahil.mehta576@mail.com,Chennai,TN,2026-01-30,silver
577,Ananya Sharma,ananya.sharma577@mail.com,Delhi,DL,2025-02-13,platinum
578,Kabir Gupta,kabir.gupta578@mail.com,Chennai,TN,2025-05-11,silver
579,Sahil Mehta,sahil.mehta579@mail.com,Surat,GJ,2024-09-17,bronze
580,Vikas Gupta,vikas.gupta580@mail.com,Bangalore,KA,2026-03-05,gold
581,Ishita Kumar,ishita.kumar581@mail.com,Hyderabad,TS,2024-10-08,bronze
582,Rahul Mehta,rahul.mehta582@mail.com,Surat,GJ,2024-12-03,silver
583,Ishita Sharma,ishita.sharma583@mail.com,Delhi,DL,2024-02-13,bronze
584,Kabir Gupta,kabir.gupta584@mail.com,Nagpur,MH,2023-12-12,platinum
585,Ishita Verma,ishita.verma585@mail.com,Pune,MH,2024-12-30,bronze
586,Aarav Verma,aarav.verma586@mail.com,Hyderabad,TS,2024-09-21,silver
587,Pooja Kumar,,Surat,GJ,2024-07-09,gold
588,Ishita Mehta,ishita.mehta588@mail.com,Pune,MH,2024-06-27,bronze
589,Sahil Patil,sahil.patil589@mail.com,Mumbai,MH,2025-04-13,gold
590,Neha Yadav,neha.yadav590@mail.com,Mumbai,MH,2025-06-30,platinum
591,Aarav Nair,aarav.nair591@mail.com,Delhi,DL,2024-10-16,platinum
592,Ananya Singh,ananya.singh592@mail.com,Delhi,DL,2025-06-13,gold
593,Aarav Mehta,aarav.mehta593@mail.com,Delhi,DL,2025-12-10,platinum
594,Ishita Singh,ishita.singh594@mail.com,Bangalore,KA,2024-03-09,gold
595,Ananya Verma,ananya.verma595@mail.com,Delhi,DL,2025-10-09,gold
596,Riya Yadav,riya.yadav596@mail.com,Pune,MH,2023-11-25,bronze
597,Ishita Singh,ishita.singh597@mail.com,Mumbai,MH,2025-09-24,platinum
598,Rahul Verma,rahul.verma598@mail.com,Bangalore,KA,2026-01-03,bronze
599,Rahul Nair,rahul.nair599@mail.com,Surat,GJ,2025-05-13,gold
600,Riya Yadav,,Chennai,TN,2024-01-09,silver
601,Kabir Gupta,kabir.gupta601@mail.com,Nagpur,MH,2025-07-06,gold
602,Vikas Nair,vikas.nair602@mail.com,Chennai,TN,2024-02-12,bronze
603,Sahil Sharma,sahil.sharma603@mail.com,Hyderabad,TS,2023-11-18,silver
604,Ishita Sharma,ishita.sharma604@mail.com,Pune,MH,2023-11-27,bronze
605,Sahil Kumar,sahil.kumar605@mail.com,Bangalore,KA,2026-03-08,platinum
606,Riya Joshi,riya.joshi606@mail.com,Nagpur,MH,2025-08-29,gold
607,Ananya Mehta,ananya.mehta607@mail.com,Mumbai,MH,2025-03-05,bronze
608,Sahil Verma,sahil.verma608@mail.com,Delhi,DL,2025-01-14,silver
609,Vikas Joshi,vikas.joshi609@mail.com,Pune,MH,2025-09-02,bronze
610,Kabir Patil,kabir.patil610@mail.com,Bangalore,KA,2024-11-01,platinum
611,Aarav Patil,aarav.patil611@mail.com,Chennai,TN,2025-12-30,gold
612,Neha Yadav,neha.yadav612@mail.com,Delhi,DL,2025-03-25,gold
613,Ishita Mehta,ishita.mehta613@mail.com,Hyderabad,TS,2025-03-26,platinum
614,Rahul Nair,rahul.nair614@mail.com,Surat,GJ,2024-08-05,silver
615,Kabir Sharma,kabir.sharma615@mail.com,Hyderabad,TS,2025-09-11,silver
616,Ishita Gupta,ishita.gupta616@mail.com,Nagpur,MH,2024-01-06,bronze
617,Vikas Nair,vikas.nair617@mail.com,Bangalore,KA,2024-08-19,platinum
618,Aarav Verma,aarav.verma618@mail.com,Delhi,DL,2025-11-28,bronze
619,Riya Patil,riya.patil619@mail.com,Delhi,DL,2025-07-25,platinum
620,Sahil Patil,sahil.patil620@mail.com,Hyderabad,TS,2026-01-18,platinum
621,Riya Gupta,riya.gupta621@mail.com,Nagpur,MH,2024-08-08,silver
622,Ananya Singh,ananya.singh622@mail.com,Delhi,DL,2024-04-03,platinum
623,Ishita Gupta,ishita.gupta623@mail.com,Nagpur,MH,2025-03-17,bronze
624,Ananya Kumar,ananya.kumar624@mail.com,Delhi,DL,2024-08-03,platinum
625,Sahil Patil,sahil.patil625@mail.com,Mumbai,MH,2026-01-09,silver
626,Ananya Patil,ananya.patil626@mail.com,Nagpur,MH,2024-10-28,bronze
627,Pooja Gupta,pooja.gupta627@mail.com,Surat,GJ,2024-01-28,bronze
628,Neha Nair,neha.nair628@mail.com,Bangalore,KA,2023-11-18,platinum
629,Aarav Patil,aarav.patil629@mail.com,Mumbai,MH,2024-10-30,silver
630,Rahul Kumar,rahul.kumar630@mail.com,Chennai,TN,2025-12-27,gold
631,Ananya Kumar,ananya.kumar631@mail.com,Chennai,TN,2024-07-28,platinum
632,Pooja Mehta,pooja.mehta632@mail.com,Surat,GJ,2025-10-14,platinum
633,Neha Yadav,neha.yadav633@mail.com,Chennai,TN,2024-02-12,silver
634,Ishita Gupta,ishita.gupta634@mail.com,Surat,GJ,2024-02-03,bronze
635,Pooja Joshi,pooja.joshi635@mail.com,Pune,MH,2025-11-02,bronze
636,Riya Nair,riya.nair636@mail.com,Nagpur,MH,2026-01-15,silver
637,Sahil Patil,sahil.patil637@mail.com,Nagpur,MH,2025-02-28,gold
638,Sahil Patil,sahil.patil638@mail.com,Delhi,DL,2024-06-28,bronze
639,Ananya Singh,ananya.singh639@mail.com,Bangalore,KA,2026-03-11,silver
640,Aarav Joshi,aarav.joshi640@mail.com,Bangalore,KA,2024-06-14,bronze
641,Pooja Joshi,pooja.joshi641@mail.com,Nagpur,MH,2025-02-23,bronze
642,Ishita Sharma,ishita.sharma642@mail.com,Hyderabad,TS,2024-04-01,gold
643,Neha Gupta,neha.gupta643@mail.com,Bangalore,KA,2025-01-05,bronze
644,Pooja Mehta,pooja.mehta644@mail.com,Mumbai,MH,2024-09-20,gold
645,Ishita Mehta,ishita.mehta645@mail.com,Hyderabad,TS,2023-10-30,gold
646,Pooja Yadav,pooja.yadav646@mail.com,Surat,GJ,2024-02-17,gold
647,Vikas Nair,vikas.nair647@mail.com,Pune,MH,2024-12-08,bronze
648,Kabir Gupta,kabir.gupta648@mail.com,Chennai,TN,2025-02-17,bronze
649,Neha Gupta,neha.gupta649@mail.com,Hyderabad,TS,2026-01-10,gold
650,Riya Nair,riya.nair650@mail.com,Chennai,TN,2025-04-18,gold
651,Kabir Nair,kabir.nair651@mail.com,Bangalore,KA,2025-08-17,gold
652,Kabir Gupta,kabir.gupta652@mail.com,Chennai,TN,2025-11-07,bronze
653,Vikas Yadav,vikas.yadav653@mail.com,Pune,MH,2024-02-22,platinum
654,Rahul Nair,rahul.nair654@mail.com,Hyderabad,TS,2024-11-29,gold
655,Sahil Verma,sahil.verma655@mail.com,Pune,MH,2024-10-24,bronze
656,Pooja Verma,pooja.verma656@mail.com,Surat,GJ,2025-12-12,platinum
657,Aarav Patil,aarav.patil657@mail.com,Bangalore,KA,2025-03-22,gold
658,Neha Verma,neha.verma658@mail.com,Hyderabad,TS,2025-08-16,gold
659,Vikas Kumar,vikas.kumar659@mail.com,Bangalore,KA,2025-02-09,gold
660,Pooja Singh,pooja.singh660@mail.com,Surat,GJ,2025-10-12,silver
661,Neha Gupta,neha.gupta661@mail.com,Nagpur,MH,2023-11-21,silver
662,Riya Nair,riya.nair662@mail.com,Pune,MH,2025-10-17,silver
663,Ananya Mehta,ananya.mehta663@mail.com,Chennai,TN,2024-01-31,gold
664,Sahil Patil,sahil.patil664@mail.com,Nagpur,MH,2026-01-03,bronze
665,Neha Nair,neha.nair665@mail.com,Mumbai,MH,2025-01-09,gold
666,Ananya Mehta,ananya.mehta666@mail.com,Hyderabad,TS,2025-04-28,bronze
667,Sahil Gupta,sahil.gupta667@mail.com,Delhi,DL,2024-02-06,gold
668,Vikas Nair,vikas.nair668@mail.com,Mumbai,MH,2025-03-20,platinum
669,Riya Verma,riya.verma669@mail.com,Chennai,TN,2025-02-07,platinum
670,Ishita Sharma,ishita.sharma670@mail.com,Delhi,DL,2025-04-29,gold
671,Neha Yadav,neha.yadav671@mail.com,Nagpur,MH,2025-07-11,gold
672,Ananya Nair,ananya.nair672@mail.com,Nagpur,MH,2025-10-26,bronze
673,Kabir Singh,kabir.singh673@mail.com,Mumbai,MH,2025-09-12,bronze
674,Vikas Mehta,vikas.mehta674@mail.com,Pune,MH,2026-03-20,bronze
675,Sahil Verma,sahil.verma675@mail.com,Mumbai,MH,2024-06-14,silver
676,Neha Nair,neha.nair676@mail.com,Delhi,DL,2025-12-01,silver
677,Rahul Joshi,rahul.joshi677@mail.com,Surat,GJ,2024-12-22,gold
678,Riya Mehta,riya.mehta678@mail.com,Delhi,DL,2024-08-17,platinum
679,Ananya Singh,ananya.singh679@mail.com,Chennai,TN,2024-12-07,bronze
680,Rahul Kumar,rahul.kumar680@mail.com,Hyderabad,TS,2025-11-07,bronze
681,Riya Joshi,riya.joshi681@mail.com,Hyderabad,TS,2024-12-20,platinum
682,Vikas Singh,vikas.singh682@mail.com,Pune,MH,2024-02-21,gold
683,Aarav Mehta,aarav.mehta683@mail.com,Chennai,TN,2025-10-03,platinum
684,Riya Kumar,riya.kumar684@mail.com,Nagpur,MH,2025-09-02,platinum
685,Ananya Yadav,ananya.yadav685@mail.com,Hyderabad,TS,2025-06-27,gold
686,Ishita Verma,ishita.verma686@mail.com,Delhi,DL,2025-06-23,platinum
687,Neha Yadav,neha.yadav687@mail.com,Surat,GJ,2025-10-05,silver
688,Ananya Patil,ananya.patil688@mail.com,Delhi,DL,2026-01-01,silver
689,Aarav Gupta,aarav.gupta689@mail.com,Mumbai,MH,2025-11-12,silver
690,Neha Nair,neha.nair690@mail.com,Chennai,TN,2024-12-26,bronze
691,Riya Patil,riya.patil691@mail.com,Hyderabad,TS,2024-02-11,platinum
692,Neha Kumar,neha.kumar692@mail.com,Pune,MH,2025-12-11,platinum
693,Vikas Gupta,vikas.gupta693@mail.com,Pune,MH,2025-09-23,bronze
694,Kabir Nair,kabir.nair694@mail.com,Nagpur,MH,2024-05-18,gold
695,Aarav Mehta,aarav.mehta695@mail.com,Mumbai,MH,2025-07-29,gold
696,Aarav Gupta,,Mumbai,MH,2025-08-16,gold
697,Neha Yadav,neha.yadav697@mail.com,Mumbai,MH,2025-03-06,bronze
698,Vikas Yadav,vikas.yadav698@mail.com,Delhi,DL,2025-03-31,silver
699,Sahil Joshi,sahil.joshi699@mail.com,Pune,MH,2026-02-13,silver
700,Ishita Verma,ishita.verma700@mail.com,Surat,GJ,2025-08-20,gold
701,Vikas Gupta,vikas.gupta701@mail.com,Pune,MH,2024-05-10,silver
702,Aarav Nair,aarav.nair702@mail.com,Surat,GJ,2024-09-20,platinum
703,Riya Mehta,riya.mehta703@mail.com,Chennai,TN,2025-05-18,gold
704,Sahil Mehta,sahil.mehta704@mail.com,Delhi,DL,2026-02-03,platinum
705,Neha Mehta,neha.mehta705@mail.com,Chennai,TN,2025-01-06,platinum
706,Aarav Yadav,aarav.yadav706@mail.com,Chennai,TN,2024-02-10,gold
707,Ananya Kumar,ananya.kumar707@mail.com,Bangalore,KA,2024-10-25,silver
708,Rahul Kumar,rahul.kumar708@mail.com,Chennai,TN,2025-12-23,bronze
709,Riya Verma,riya.verma709@mail.com,Pune,MH,2025-09-21,silver
710,Sahil Kumar,sahil.kumar710@mail.com,Surat,GJ,2024-10-23,gold
711,Kabir Yadav,kabir.yadav711@mail.com,Mumbai,MH,2026-04-02,platinum
712,Ishita Nair,ishita.nair712@mail.com,Pune,MH,2025-04-10,platinum
713,Aarav Yadav,aarav.yadav713@mail.com,Hyderabad,TS,2024-10-21,bronze
714,Ishita Gupta,ishita.gupta714@mail.com,Mumbai,MH,2026-01-01,platinum
715,Ananya Gupta,ananya.gupta715@mail.com,Delhi,DL,2024-09-20,platinum
716,Sahil Joshi,sahil.joshi716@mail.com,Surat,GJ,2024-04-25,bronze
717,Riya Mehta,riya.mehta717@mail.com,Nagpur,MH,2024-11-15,silver
718,Sahil Nair,sahil.nair718@mail.com,Chennai,TN,2025-05-27,gold
719,Pooja Joshi,pooja.joshi719@mail.com,Bangalore,KA,2024-09-15,platinum
720,Neha Joshi,neha.joshi720@mail.com,Surat,GJ,2025-01-12,bronze
721,Sahil Patil,sahil.patil721@mail.com,Delhi,DL,2025-06-10,silver
722,Rahul Patil,rahul.patil722@mail.com,Hyderabad,TS,2024-09-25,silver
723,Vikas Joshi,vikas.joshi723@mail.com,Delhi,DL,2025-11-25,silver
724,Neha Sharma,neha.sharma724@mail.com,Nagpur,MH,2024-09-10,bronze
725,Vikas Verma,vikas.verma725@mail.com,Surat,GJ,2023-12-21,bronze
726,Neha Patil,neha.patil726@mail.com,Nagpur,MH,2026-01-25,gold
727,Pooja Kumar,pooja.kumar727@mail.com,Mumbai,MH,2023-11-07,bronze
728,Pooja Patil,pooja.patil728@mail.com,Hyderabad,TS,2024-10-26,silver
729,Kabir Verma,kabir.verma729@mail.com,Pune,MH,2024-05-25,platinum
730,Sahil Mehta,sahil.mehta730@mail.com,Mumbai,MH,2025-08-31,platinum
731,Rahul Sharma,rahul.sharma731@mail.com,Surat,GJ,2024-09-06,platinum
732,Pooja Mehta,pooja.mehta732@mail.com,Nagpur,MH,2024-02-12,silver
733,Kabir Nair,kabir.nair733@mail.com,Nagpur,MH,2024-06-16,silver
734,Neha Kumar,neha.kumar734@mail.com,Chennai,TN,2024-05-13,bronze
735,Pooja Joshi,pooja.joshi735@mail.com,Chennai,TN,2025-10-02,bronze
736,Riya Joshi,riya.joshi736@mail.com,Surat,GJ,2024-07-16,bronze
737,Kabir Gupta,kabir.gupta737@mail.com,Chennai,TN,2025-11-06,bronze
738,Aarav Gupta,aarav.gupta738@mail.com,Delhi,DL,2023-11-08,gold
739,Ishita Singh,ishita.singh739@mail.com,Surat,GJ,2024-12-19,silver
740,Kabir Gupta,kabir.gupta740@mail.com,Hyderabad,TS,2024-09-30,silver
741,Aarav Kumar,aarav.kumar741@mail.com,Pune,MH,2025-07-28,gold
742,Sahil Singh,sahil.singh742@mail.com,Pune,MH,2024-12-24,bronze
743,Neha Joshi,neha.joshi743@mail.com,Mumbai,MH,2026-03-27,platinum
744,Pooja Mehta,pooja.mehta744@mail.com,Mumbai,MH,2025-05-26,bronze
745,Ananya Nair,ananya.nair745@mail.com,Pune,MH,2026-03-06,gold
746,Pooja Verma,pooja.verma746@mail.com,Pune,MH,2025-04-24,gold
747,Kabir Mehta,kabir.mehta747@mail.com,Hyderabad,TS,2024-01-05,gold
748,Aarav Mehta,aarav.mehta748@mail.com,Hyderabad,TS,2025-08-28,platinum
749,Ishita Kumar,ishita.kumar749@mail.com,Bangalore,KA,2025-02-12,silver
750,Neha Yadav,neha.yadav750@mail.com,Chennai,TN,2025-01-10,silver
751,Sahil Mehta,sahil.mehta751@mail.com,Bangalore,KA,2023-11-14,silver
752,Riya Yadav,riya.yadav752@mail.com,Delhi,DL,2025-05-25,bronze
753,Riya Patil,riya.patil753@mail.com,Chennai,TN,2025-02-16,platinum
754,Neha Verma,neha.verma754@mail.com,Bangalore,KA,2025-12-27,bronze
755,Sahil Yadav,sahil.yadav755@mail.com,Hyderabad,TS,2024-08-02,silver
756,Kabir Patil,kabir.patil756@mail.com,Chennai,TN,2026-01-23,platinum
757,Sahil Nair,sahil.nair757@mail.com,Chennai,TN,2025-10-09,platinum
758,Kabir Gupta,kabir.gupta758@mail.com,Pune,MH,2025-02-21,gold
759,Kabir Gupta,kabir.gupta759@mail.com,Bangalore,KA,2026-02-07,platinum
760,Vikas Joshi,vikas.joshi760@mail.com,Surat,GJ,2025-08-06,bronze
761,Pooja Joshi,pooja.joshi761@mail.com,Nagpur,MH,2024-07-27,bronze
762,Vikas Nair,vikas.nair762@mail.com,Pune,MH,2023-10-30,platinum
763,Aarav Mehta,aarav.mehta763@mail.com,Nagpur,MH,2024-11-02,silver
764,Pooja Singh,pooja.singh764@mail.com,Hyderabad,TS,2024-12-29,gold
765,Aarav Mehta,aarav.mehta765@mail.com,Delhi,DL,2024-12-26,bronze
766,Ishita Verma,ishita.verma766@mail.com,Delhi,DL,2025-03-09,platinum
767,Vikas Yadav,vikas.yadav767@mail.com,Bangalore,KA,2025-01-05,gold
768,Riya Sharma,riya.sharma768@mail.com,Mumbai,MH,2025-12-19,gold
769,Pooja Mehta,pooja.mehta769@mail.com,Delhi,DL,2025-03-23,bronze
770,Rahul Yadav,rahul.yadav770@mail.com,Delhi,DL,2025-10-31,bronze
771,Neha Nair,neha.nair771@mail.com,Hyderabad,TS,2024-07-13,silver
772,Aarav Yadav,aarav.yadav772@mail.com,Hyderabad,TS,2026-04-02,platinum
773,Aarav Yadav,aarav.yadav773@mail.com,Surat,GJ,2025-08-15,platinum
774,Vikas Sharma,vikas.sharma774@mail.com,Pune,MH,2025-08-07,silver
775,Riya Patil,riya.patil775@mail.com,Chennai,TN,2026-03-09,bronze
776,Sahil Singh,sahil.singh776@mail.com,Chennai,TN,2026-01-16,platinum
777,Riya Singh,riya.singh777@mail.com,Delhi,DL,2025-01-03,gold
778,Ishita Singh,ishita.singh778@mail.com,Chennai,TN,2025-04-03,bronze
779,Ananya Sharma,ananya.sharma779@mail.com,Hyderabad,TS,2024-12-19,gold
780,Pooja Mehta,pooja.mehta780@mail.com,Bangalore,KA,2024-05-03,bronze
781,Ananya Sharma,ananya.sharma781@mail.com,Surat,GJ,2024-04-03,gold
782,Rahul Singh,rahul.singh782@mail.com,Chennai,TN,2025-12-03,platinum
783,Vikas Nair,vikas.nair783@mail.com,Delhi,DL,2024-07-30,gold
784,Aarav Sharma,aarav.sharma784@mail.com,Pune,MH,2024-12-24,bronze
785,Kabir Yadav,kabir.yadav785@mail.com,Nagpur,MH,2025-02-16,gold
786,Kabir Patil,kabir.patil786@mail.com,Bangalore,KA,2024-05-09,bronze
787,Ananya Mehta,ananya.mehta787@mail.com,Chennai,TN,2024-02-20,gold
788,Sahil Yadav,sahil.yadav788@mail.com,Pune,MH,2023-12-15,gold
789,Vikas Nair,vikas.nair789@mail.com,Pune,MH,2024-06-23,silver
790,Ananya Joshi,ananya.joshi790@mail.com,Surat,GJ,2024-02-02,bronze
791,Neha Yadav,neha.yadav791@mail.com,Chennai,TN,2024-09-23,silver
792,Rahul Joshi,rahul.joshi792@mail.com,Mumbai,MH,2025-11-14,bronze
793,Pooja Mehta,pooja.mehta793@mail.com,Delhi,DL,2024-09-07,silver
794,Neha Joshi,neha.joshi794@mail.com,Pune,MH,2025-07-11,platinum
795,Rahul Nair,rahul.nair795@mail.com,Hyderabad,TS,2025-09-05,silver
796,Aarav Gupta,aarav.gupta796@mail.com,Mumbai,MH,2025-01-15,platinum
797,Riya Gupta,riya.gupta797@mail.com,Chennai,TN,2024-12-05,gold
798,Riya Sharma,riya.sharma798@mail.com,Delhi,DL,2025-09-16,platinum
799,Ananya Sharma,ananya.sharma799@mail.com,Pune,MH,2025-06-01,bronze
800,Aarav Sharma,aarav.sharma800@mail.com,Hyderabad,TS,2026-03-22,gold
801,Kabir Joshi,kabir.joshi801@mail.com,Bangalore,KA,2025-09-30,gold
802,Ishita Singh,ishita.singh802@mail.com,Delhi,DL,2025-11-05,bronze
803,Ananya Mehta,ananya.mehta803@mail.com,Mumbai,MH,2025-09-15,gold
804,Neha Yadav,neha.yadav804@mail.com,Bangalore,KA,2025-10-22,gold
805,Aarav Verma,aarav.verma805@mail.com,Pune,MH,2024-12-18,bronze
806,Ishita Kumar,ishita.kumar806@mail.com,Nagpur,MH,2025-10-13,platinum
807,Neha Joshi,neha.joshi807@mail.com,Bangalore,KA,2024-04-14,bronze
808,Vikas Yadav,vikas.yadav808@mail.com,Delhi,DL,2026-01-09,bronze
809,Vikas Nair,vikas.nair809@mail.com,Bangalore,KA,2025-08-29,gold
810,Pooja Verma,pooja.verma810@mail.com,Chennai,TN,2024-01-29,platinum
811,Vikas Sharma,vikas.sharma811@mail.com,Chennai,TN,2024-12-10,silver
812,Rahul Yadav,rahul.yadav812@mail.com,Delhi,DL,2024-11-11,bronze
813,Ishita Singh,ishita.singh813@mail.com,Surat,GJ,2025-02-28,silver
814,Ananya Verma,ananya.verma814@mail.com,Surat,GJ,2025-03-18,silver
815,Sahil Kumar,sahil.kumar815@mail.com,Nagpur,MH,2024-09-12,silver
816,Ishita Yadav,ishita.yadav816@mail.com,Surat,GJ,2025-12-18,platinum
817,Ishita Nair,ishita.nair817@mail.com,Delhi,DL,2025-06-04,bronze
818,Sahil Kumar,sahil.kumar818@mail.com,Chennai,TN,2024-11-24,bronze
819,Riya Yadav,riya.yadav819@mail.com,Pune,MH,2024-03-01,silver
820,Neha Kumar,neha.kumar820@mail.com,Surat,GJ,2025-09-27,gold
821,Neha Kumar,neha.kumar821@mail.com,Chennai,TN,2026-01-13,platinum
822,Neha Patil,neha.patil822@mail.com,Chennai,TN,2024-09-30,gold
823,Neha Patil,neha.patil823@mail.com,Bangalore,KA,2025-01-27,platinum
824,Pooja Kumar,pooja.kumar824@mail.com,Nagpur,MH,2025-01-24,silver
825,Kabir Mehta,kabir.mehta825@mail.com,Nagpur,MH,2023-12-04,platinum
826,Riya Verma,riya.verma826@mail.com,Pune,MH,2026-01-31,silver
827,Vikas Kumar,vikas.kumar827@mail.com,Delhi,DL,2026-01-19,platinum
828,Sahil Kumar,sahil.kumar828@mail.com,Delhi,DL,2025-01-04,platinum
829,Kabir Verma,kabir.verma829@mail.com,Nagpur,MH,2024-08-04,platinum
830,Kabir Mehta,kabir.mehta830@mail.com,Hyderabad,TS,2025-02-18,gold
831,Aarav Yadav,aarav.yadav831@mail.com,Surat,GJ,2024-04-24,platinum
832,Ishita Verma,ishita.verma832@mail.com,Hyderabad,TS,2024-12-24,bronze
833,Ishita Mehta,ishita.mehta833@mail.com,Hyderabad,TS,2024-07-27,gold
834,Aarav Nair,aarav.nair834@mail.com,Surat,GJ,2024-11-06,gold
835,Neha Singh,neha.singh835@mail.com,Delhi,DL,2026-03-09,gold
836,Sahil Singh,sahil.singh836@mail.com,Pune,MH,2024-07-09,silver
837,Neha Yadav,neha.yadav837@mail.com,Pune,MH,2025-06-25,silver
838,Neha Singh,,Delhi,DL,2024-07-24,gold
839,Ishita Yadav,ishita.yadav839@mail.com,Delhi,DL,2024-08-17,platinum
840,Riya Singh,riya.singh840@mail.com,Bangalore,KA,2024-12-05,bronze
841,Ishita Verma,ishita.verma841@mail.com,Delhi,DL,2023-12-09,platinum
842,Kabir Nair,kabir.nair842@mail.com,Delhi,DL,2025-09-11,gold
843,Neha Sharma,neha.sharma843@mail.com,Pune,MH,2025-10-25,platinum
844,Ananya Gupta,ananya.gupta844@mail.com,Nagpur,MH,2024-05-15,platinum
845,Ananya Kumar,ananya.kumar845@mail.com,Pune,MH,2025-06-23,gold
846,Aarav Sharma,aarav.sharma846@mail.com,Chennai,TN,2023-12-03,gold
847,Neha Sharma,neha.sharma847@mail.com,Hyderabad,TS,2024-06-13,platinum
848,Kabir Yadav,kabir.yadav848@mail.com,Bangalore,KA,2024-10-30,silver
849,Aarav Patil,aarav.patil849@mail.com,Mumbai,MH,2026-04-03,bronze
850,Rahul Gupta,rahul.gupta850@mail.com,Hyderabad,TS,2025-08-01,bronze
851,Aarav Yadav,aarav.yadav851@mail.com,Bangalore,KA,2024-08-09,bronze
852,Sahil Verma,sahil.verma852@mail.com,Nagpur,MH,2024-06-11,silver
853,Riya Singh,riya.singh853@mail.com,Hyderabad,TS,2024-12-22,bronze
854,Neha Kumar,neha.kumar854@mail.com,Chennai,TN,2025-07-26,bronze
855,Aarav Kumar,aarav.kumar855@mail.com,Nagpur,MH,2025-05-10,gold
856,Ishita Nair,ishita.nair856@mail.com,Bangalore,KA,2024-07-30,platinum
857,Ananya Kumar,ananya.kumar857@mail.com,Bangalore,KA,2024-07-25,platinum
858,Ishita Patil,ishita.patil858@mail.com,Mumbai,MH,2026-02-01,gold
859,Aarav Nair,aarav.nair859@mail.com,Delhi,DL,2024-06-15,bronze
860,Neha Verma,neha.verma860@mail.com,Chennai,TN,2025-03-10,platinum
861,Pooja Sharma,pooja.sharma861@mail.com,Bangalore,KA,2026-04-12,platinum
862,Ananya Joshi,ananya.joshi862@mail.com,Chennai,TN,2024-05-17,bronze
863,Ishita Joshi,ishita.joshi863@mail.com,Chennai,TN,2026-01-22,gold
864,Riya Mehta,riya.mehta864@mail.com,Pune,MH,2025-03-17,gold
865,Ishita Joshi,ishita.joshi865@mail.com,Surat,GJ,2026-01-18,silver
866,Kabir Patil,kabir.patil866@mail.com,Bangalore,KA,2024-12-01,gold
867,Vikas Patil,vikas.patil867@mail.com,Pune,MH,2025-05-03,bronze
868,Kabir Mehta,kabir.mehta868@mail.com,Surat,GJ,2024-05-20,silver
869,Aarav Verma,aarav.verma869@mail.com,Surat,GJ,2024-06-15,bronze
870,Riya Patil,riya.patil870@mail.com,Delhi,DL,2024-07-07,gold
871,Ishita Nair,ishita.nair871@mail.com,Delhi,DL,2023-12-11,bronze
872,Sahil Yadav,sahil.yadav872@mail.com,Bangalore,KA,2026-02-10,gold
873,Pooja Joshi,pooja.joshi873@mail.com,Mumbai,MH,2024-05-14,silver
874,Kabir Patil,kabir.patil874@mail.com,Delhi,DL,2025-05-07,gold
875,Pooja Verma,pooja.verma875@mail.com,Chennai,TN,2024-09-26,silver
876,Aarav Verma,aarav.verma876@mail.com,Mumbai,MH,2024-01-25,platinum
877,Aarav Nair,aarav.nair877@mail.com,Mumbai,MH,2026-04-09,bronze
878,Sahil Singh,sahil.singh878@mail.com,Nagpur,MH,2024-05-04,silver
879,Neha Mehta,neha.mehta879@mail.com,Surat,GJ,2025-02-18,bronze
880,Vikas Yadav,,Mumbai,MH,2024-07-12,platinum
881,Kabir Gupta,kabir.gupta881@mail.com,Mumbai,MH,2024-10-20,gold
882,Ananya Mehta,ananya.mehta882@mail.com,Bangalore,KA,2024-12-25,silver
883,Kabir Sharma,kabir.sharma883@mail.com,Delhi,DL,2024-05-13,silver
884,Aarav Patil,aarav.patil884@mail.com,Chennai,TN,2025-06-28,gold
885,Vikas Patil,vikas.patil885@mail.com,Mumbai,MH,2024-03-18,silver
886,Aarav Nair,aarav.nair886@mail.com,Mumbai,MH,2026-02-02,platinum
887,Rahul Kumar,rahul.kumar887@mail.com,Bangalore,KA,2024-03-10,gold
888,Ishita Joshi,ishita.joshi888@mail.com,Bangalore,KA,2026-01-05,platinum
889,Pooja Gupta,pooja.gupta889@mail.com,Mumbai,MH,2024-12-18,bronze
890,Riya Gupta,riya.gupta890@mail.com,Surat,GJ,2025-10-15,silver
891,Kabir Joshi,kabir.joshi891@mail.com,Hyderabad,TS,2025-09-20,bronze
892,Aarav Singh,aarav.singh892@mail.com,Delhi,DL,2025-12-22,platinum
893,Rahul Gupta,rahul.gupta893@mail.com,Hyderabad,TS,2024-08-05,silver
894,Ananya Gupta,ananya.gupta894@mail.com,Mumbai,MH,2025-02-17,silver
895,Vikas Singh,vikas.singh895@mail.com,Pune,MH,2024-03-29,silver
896,Pooja Yadav,pooja.yadav896@mail.com,Bangalore,KA,2024-08-18,bronze
897,Aarav Patil,aarav.patil897@mail.com,Surat,GJ,2024-03-24,platinum
898,Vikas Sharma,vikas.sharma898@mail.com,Surat,GJ,2024-11-24,bronze
899,Pooja Gupta,,Delhi,DL,2025-04-13,bronze
900,Neha Verma,neha.verma900@mail.com,Surat,GJ,2023-11-18,bronze
901,Vikas Verma,vikas.verma901@mail.com,Nagpur,MH,2025-10-08,platinum
902,Aarav Sharma,aarav.sharma902@mail.com,Nagpur,MH,2024-05-08,bronze
903,Neha Yadav,neha.yadav903@mail.com,Bangalore,KA,2024-01-29,gold
904,Aarav Mehta,aarav.mehta904@mail.com,Chennai,TN,2026-02-22,gold
905,Aarav Joshi,aarav.joshi905@mail.com,Chennai,TN,2025-10-17,bronze
906,Kabir Verma,kabir.verma906@mail.com,Chennai,TN,2025-08-13,platinum
907,Sahil Gupta,sahil.gupta907@mail.com,Bangalore,KA,2025-05-22,gold
908,Pooja Singh,pooja.singh908@mail.com,Pune,MH,2026-02-10,platinum
909,Ananya Sharma,ananya.sharma909@mail.com,Surat,GJ,2024-04-18,gold
910,Rahul Sharma,rahul.sharma910@mail.com,Bangalore,KA,2025-01-02,platinum
911,Neha Sharma,neha.sharma911@mail.com,Mumbai,MH,2025-10-29,silver
912,Kabir Mehta,kabir.mehta912@mail.com,Pune,MH,2025-06-19,silver
913,Pooja Nair,pooja.nair913@mail.com,Pune,MH,2025-06-21,bronze
914,Kabir Mehta,kabir.mehta914@mail.com,Chennai,TN,2025-02-17,gold
915,Ananya Mehta,ananya.mehta915@mail.com,Surat,GJ,2025-01-02,silver
916,Neha Verma,neha.verma916@mail.com,Hyderabad,TS,2025-08-25,gold
917,Aarav Verma,aarav.verma917@mail.com,Chennai,TN,2025-06-27,silver
918,Neha Verma,neha.verma918@mail.com,Delhi,DL,2023-12-07,silver
919,Ishita Patil,ishita.patil919@mail.com,Chennai,TN,2024-09-04,gold
920,Kabir Mehta,kabir.mehta920@mail.com,Pune,MH,2024-06-03,silver
921,Ananya Verma,ananya.verma921@mail.com,Hyderabad,TS,2025-12-12,platinum
922,Vikas Joshi,vikas.joshi922@mail.com,Delhi,DL,2026-04-10,gold
923,Neha Nair,neha.nair923@mail.com,Hyderabad,TS,2024-03-03,silver
924,Vikas Joshi,vikas.joshi924@mail.com,Mumbai,MH,2024-03-26,bronze
925,Ananya Sharma,ananya.sharma925@mail.com,Hyderabad,TS,2026-03-21,silver
926,Ishita Joshi,ishita.joshi926@mail.com,Pune,MH,2024-07-31,silver
927,Neha Gupta,neha.gupta927@mail.com,Pune,MH,2026-01-19,platinum
928,Ishita Mehta,ishita.mehta928@mail.com,Nagpur,MH,2025-09-27,bronze
929,Rahul Kumar,rahul.kumar929@mail.com,Delhi,DL,2024-04-12,platinum
930,Neha Joshi,neha.joshi930@mail.com,Chennai,TN,2025-06-03,bronze
931,Vikas Kumar,vikas.kumar931@mail.com,Surat,GJ,2025-06-24,platinum
932,Pooja Verma,pooja.verma932@mail.com,Mumbai,MH,2025-11-19,platinum
933,Ananya Joshi,ananya.joshi933@mail.com,Mumbai,MH,2024-08-19,bronze
934,Neha Kumar,neha.kumar934@mail.com,Delhi,DL,2024-09-22,silver
935,Pooja Singh,pooja.singh935@mail.com,Surat,GJ,2026-03-03,gold
936,Vikas Gupta,vikas.gupta936@mail.com,Pune,MH,2024-01-26,gold
937,Vikas Sharma,vikas.sharma937@mail.com,Hyderabad,TS,2025-02-12,silver
938,Neha Nair,neha.nair938@mail.com,Mumbai,MH,2024-08-09,platinum
939,Neha Nair,neha.nair939@mail.com,Mumbai,MH,2025-03-28,bronze
940,Riya Yadav,riya.yadav940@mail.com,Pune,MH,2025-11-17,silver
941,Aarav Singh,aarav.singh941@mail.com,Chennai,TN,2025-02-09,gold
942,Neha Mehta,neha.mehta942@mail.com,Mumbai,MH,2024-11-05,silver
943,Sahil Verma,sahil.verma943@mail.com,Chennai,TN,2023-11-04,gold
944,Rahul Sharma,rahul.sharma944@mail.com,Chennai,TN,2023-12-24,silver
945,Rahul Nair,rahul.nair945@mail.com,Nagpur,MH,2025-05-02,silver
946,Kabir Gupta,kabir.gupta946@mail.com,Mumbai,MH,2025-02-11,bronze
947,Riya Patil,riya.patil947@mail.com,Surat,GJ,2025-04-24,gold
948,Vikas Yadav,vikas.yadav948@mail.com,Chennai,TN,2025-10-20,bronze
949,Ishita Gupta,ishita.gupta949@mail.com,Delhi,DL,2023-11-19,silver
950,Kabir Verma,kabir.verma950@mail.com,Mumbai,MH,2025-02-03,bronze
951,Vikas Kumar,vikas.kumar951@mail.com,Pune,MH,2025-09-26,bronze
952,Neha Patil,neha.patil952@mail.com,Mumbai,MH,2025-06-10,bronze
953,Sahil Gupta,sahil.gupta953@mail.com,Bangalore,KA,2025-10-07,bronze
954,Neha Yadav,neha.yadav954@mail.com,Chennai,TN,2025-04-20,silver
955,Ishita Sharma,ishita.sharma955@mail.com,Pune,MH,2024-10-21,silver
956,Riya Mehta,riya.mehta956@mail.com,Pune,MH,2024-04-03,silver
957,Vikas Joshi,vikas.joshi957@mail.com,Delhi,DL,2025-01-19,silver
958,Pooja Kumar,pooja.kumar958@mail.com,Bangalore,KA,2024-11-05,bronze
959,Rahul Sharma,rahul.sharma959@mail.com,Surat,GJ,2025-12-23,platinum
960,Neha Mehta,neha.mehta960@mail.com,Pune,MH,2026-01-21,bronze
961,Vikas Yadav,vikas.yadav961@mail.com,Hyderabad,TS,2024-05-11,platinum
962,Pooja Gupta,pooja.gupta962@mail.com,Mumbai,MH,2023-12-05,gold
963,Vikas Sharma,vikas.sharma963@mail.com,Nagpur,MH,2025-01-21,bronze
964,Pooja Kumar,pooja.kumar964@mail.com,Mumbai,MH,2024-03-17,gold
965,Rahul Gupta,rahul.gupta965@mail.com,Nagpur,MH,2025-12-11,platinum
966,Neha Yadav,neha.yadav966@mail.com,Hyderabad,TS,2024-03-01,gold
967,Sahil Kumar,sahil.kumar967@mail.com,Surat,GJ,2024-11-08,platinum
968,Neha Nair,neha.nair968@mail.com,Surat,GJ,2025-08-21,bronze
969,Aarav Sharma,aarav.sharma969@mail.com,Surat,GJ,2024-05-21,platinum
970,Rahul Verma,rahul.verma970@mail.com,Hyderabad,TS,2024-07-17,bronze
971,Ananya Nair,ananya.nair971@mail.com,Surat,GJ,2025-09-21,platinum
972,Neha Mehta,neha.mehta972@mail.com,Chennai,TN,2024-01-07,bronze
973,Aarav Kumar,aarav.kumar973@mail.com,Mumbai,MH,2025-03-18,platinum
974,Aarav Patil,aarav.patil974@mail.com,Delhi,DL,2024-09-21,gold
975,Riya Nair,riya.nair975@mail.com,Nagpur,MH,2025-11-29,platinum
976,Ishita Yadav,ishita.yadav976@mail.com,Surat,GJ,2024-06-08,platinum
977,Riya Mehta,riya.mehta977@mail.com,Pune,MH,2025-03-11,platinum
978,Rahul Singh,rahul.singh978@mail.com,Chennai,TN,2026-02-12,bronze
979,Rahul Joshi,rahul.joshi979@mail.com,Pune,MH,2024-02-21,platinum
980,Rahul Joshi,rahul.joshi980@mail.com,Nagpur,MH,2025-04-21,silver
981,Neha Yadav,neha.yadav981@mail.com,Mumbai,MH,2024-05-11,gold
982,Riya Patil,riya.patil982@mail.com,Chennai,TN,2026-03-07,platinum
983,Pooja Singh,pooja.singh983@mail.com,Pune,MH,2024-05-02,bronze
984,Pooja Yadav,pooja.yadav984@mail.com,Nagpur,MH,2025-05-19,platinum
985,Kabir Joshi,kabir.joshi985@mail.com,Surat,GJ,2024-11-16,silver
986,Rahul Kumar,rahul.kumar986@mail.com,Bangalore,KA,2024-11-22,bronze
987,Ananya Gupta,ananya.gupta987@mail.com,Hyderabad,TS,2025-07-18,platinum
988,Sahil Sharma,sahil.sharma988@mail.com,Mumbai,MH,2024-08-17,bronze
989,Ananya Nair,ananya.nair989@mail.com,Nagpur,MH,2025-09-13,bronze
990,Neha Mehta,neha.mehta990@mail.com,Hyderabad,TS,2025-01-26,gold
991,Pooja Singh,pooja.singh991@mail.com,Surat,GJ,2024-05-27,bronze
992,Ananya Verma,ananya.verma992@mail.com,Surat,GJ,2025-09-08,platinum
993,Ananya Yadav,ananya.yadav993@mail.com,Nagpur,MH,2024-09-12,bronze
994,Rahul Nair,rahul.nair994@mail.com,Delhi,DL,2025-08-12,gold
995,Pooja Joshi,pooja.joshi995@mail.com,Mumbai,MH,2024-07-05,platinum
996,Neha Verma,neha.verma996@mail.com,Hyderabad,TS,2024-05-11,platinum
997,Riya Gupta,riya.gupta997@mail.com,Pune,MH,2025-08-07,platinum
998,Pooja Kumar,pooja.kumar998@mail.com,Pune,MH,2025-09-21,silver
999,Neha Mehta,neha.mehta999@mail.com,Delhi,DL,2024-06-25,platinum
1000,Aarav Sharma,aarav.sharma1000@mail.com,Chennai,TN,2024-08-07,bronze
